Dec 12, 2024 9:30:19 AM Configuration saveConfigToTextFile
INFO: Configuration saved to text file: configurationtext_file
Dec 12, 2024 9:30:19 AM TicketSystem main
INFO: CONFIGURATION FILE SAVED TO config.json
Dec 12, 2024 9:30:19 AM TicketPool addTickets
INFO: ADDED TICKETS :-  10 TICKETS. NOW POOL SIZE :- 110
Dec 12, 2024 9:30:19 AM Vendor run
INFO: Vendor 1 added 10 tickets.
Dec 12, 2024 9:30:19 AM TicketSystem runSystem
INFO: TICKET SYSTEM IS RUNNING
Dec 12, 2024 9:30:19 AM TicketPool removeTicket
INFO: TICKET REMOVED :- Ticket [ticketID=1, ticketName=generic ticket, ticketPrice=1000, ticketQuantity=1]. Available number of tickets :- 109
Dec 12, 2024 9:30:19 AM TicketPool removeTicket
INFO: TICKET REMOVED :- Ticket [ticketID=2, ticketName=generic ticket, ticketPrice=1000, ticketQuantity=1]. Available number of tickets :- 108
Dec 12, 2024 9:30:19 AM TicketPool removeTicket
INFO: TICKET REMOVED :- Ticket [ticketID=3, ticketName=generic ticket, ticketPrice=1000, ticketQuantity=1]. Available number of tickets :- 107
Dec 12, 2024 9:30:19 AM TicketPool removeTicket
INFO: TICKET REMOVED :- Ticket [ticketID=4, ticketName=generic ticket, ticketPrice=1000, ticketQuantity=1]. Available number of tickets :- 106
Dec 12, 2024 9:30:19 AM TicketPool removeTicket
INFO: TICKET REMOVED :- Ticket [ticketID=5, ticketName=generic ticket, ticketPrice=1000, ticketQuantity=1]. Available number of tickets :- 105
Dec 12, 2024 9:30:19 AM TicketPool addTickets
INFO: ADDED TICKETS :-  10 TICKETS. NOW POOL SIZE :- 115
Dec 12, 2024 9:30:19 AM Customer run
INFO: Customer 1 buy a ticket
Dec 12, 2024 9:30:19 AM Vendor run
INFO: Vendor 3 added 10 tickets.
Dec 12, 2024 9:30:19 AM TicketPool addTickets
INFO: ADDED TICKETS :-  10 TICKETS. NOW POOL SIZE :- 125
Dec 12, 2024 9:30:19 AM Vendor run
INFO: Vendor 4 added 10 tickets.
Dec 12, 2024 9:30:19 AM TicketPool addTickets
INFO: ADDED TICKETS :-  10 TICKETS. NOW POOL SIZE :- 135
Dec 12, 2024 9:30:19 AM Vendor run
INFO: Vendor 5 added 10 tickets.
Dec 12, 2024 9:30:19 AM TicketPool addTickets
INFO: ADDED TICKETS :-  10 TICKETS. NOW POOL SIZE :- 145
Dec 12, 2024 9:30:19 AM Vendor run
INFO: Vendor 2 added 10 tickets.
Dec 12, 2024 9:30:19 AM TicketPool removeTicket
INFO: TICKET REMOVED :- Ticket [ticketID=6, ticketName=generic ticket, ticketPrice=1000, ticketQuantity=1]. Available number of tickets :- 144
Dec 12, 2024 9:30:19 AM TicketPool removeTicket
INFO: TICKET REMOVED :- Ticket [ticketID=7, ticketName=generic ticket, ticketPrice=1000, ticketQuantity=1]. Available number of tickets :- 143
Dec 12, 2024 9:30:19 AM TicketPool removeTicket
INFO: TICKET REMOVED :- Ticket [ticketID=8, ticketName=generic ticket, ticketPrice=1000, ticketQuantity=1]. Available number of tickets :- 142
Dec 12, 2024 9:30:19 AM TicketPool removeTicket
INFO: TICKET REMOVED :- Ticket [ticketID=9, ticketName=generic ticket, ticketPrice=1000, ticketQuantity=1]. Available number of tickets :- 141
Dec 12, 2024 9:30:19 AM TicketPool removeTicket
INFO: TICKET REMOVED :- Ticket [ticketID=10, ticketName=generic ticket, ticketPrice=1000, ticketQuantity=1]. Available number of tickets :- 140
Dec 12, 2024 9:30:19 AM Customer run
INFO: Customer 3 buy a ticket
Dec 12, 2024 9:30:19 AM TicketPool removeTicket
INFO: TICKET REMOVED :- Ticket [ticketID=11, ticketName=generic ticket, ticketPrice=1000, ticketQuantity=1]. Available number of tickets :- 139
Dec 12, 2024 9:30:19 AM TicketPool removeTicket
INFO: TICKET REMOVED :- Ticket [ticketID=12, ticketName=generic ticket, ticketPrice=1000, ticketQuantity=1]. Available number of tickets :- 138
Dec 12, 2024 9:30:19 AM TicketPool removeTicket
INFO: TICKET REMOVED :- Ticket [ticketID=13, ticketName=generic ticket, ticketPrice=1000, ticketQuantity=1]. Available number of tickets :- 137
Dec 12, 2024 9:30:19 AM TicketPool removeTicket
INFO: TICKET REMOVED :- Ticket [ticketID=14, ticketName=generic ticket, ticketPrice=1000, ticketQuantity=1]. Available number of tickets :- 136
Dec 12, 2024 9:30:19 AM TicketPool removeTicket
INFO: TICKET REMOVED :- Ticket [ticketID=15, ticketName=generic ticket, ticketPrice=1000, ticketQuantity=1]. Available number of tickets :- 135
Dec 12, 2024 9:30:19 AM Customer run
INFO: Customer 2 buy a ticket
Dec 12, 2024 9:30:20 AM TicketPool addTickets
INFO: ADDED TICKETS :-  10 TICKETS. NOW POOL SIZE :- 145
Dec 12, 2024 9:30:20 AM Vendor run
INFO: Vendor 1 added 10 tickets.
Dec 12, 2024 9:30:20 AM TicketPool addTickets
INFO: ADDED TICKETS :-  10 TICKETS. NOW POOL SIZE :- 155
Dec 12, 2024 9:30:20 AM Vendor run
INFO: Vendor 3 added 10 tickets.
Dec 12, 2024 9:30:20 AM TicketPool removeTicket
INFO: TICKET REMOVED :- Ticket [ticketID=16, ticketName=generic ticket, ticketPrice=1000, ticketQuantity=1]. Available number of tickets :- 154
Dec 12, 2024 9:30:20 AM TicketPool removeTicket
INFO: TICKET REMOVED :- Ticket [ticketID=17, ticketName=generic ticket, ticketPrice=1000, ticketQuantity=1]. Available number of tickets :- 153
Dec 12, 2024 9:30:20 AM TicketPool removeTicket
INFO: TICKET REMOVED :- Ticket [ticketID=18, ticketName=generic ticket, ticketPrice=1000, ticketQuantity=1]. Available number of tickets :- 152
Dec 12, 2024 9:30:20 AM TicketPool removeTicket
INFO: TICKET REMOVED :- Ticket [ticketID=19, ticketName=generic ticket, ticketPrice=1000, ticketQuantity=1]. Available number of tickets :- 151
Dec 12, 2024 9:30:20 AM TicketPool removeTicket
INFO: TICKET REMOVED :- Ticket [ticketID=20, ticketName=generic ticket, ticketPrice=1000, ticketQuantity=1]. Available number of tickets :- 150
Dec 12, 2024 9:30:20 AM Customer run
INFO: Customer 1 buy a ticket
Dec 12, 2024 9:30:20 AM TicketPool removeTicket
INFO: TICKET REMOVED :- Ticket [ticketID=21, ticketName=generic ticket, ticketPrice=1000, ticketQuantity=1]. Available number of tickets :- 149
Dec 12, 2024 9:30:20 AM TicketPool removeTicket
INFO: TICKET REMOVED :- Ticket [ticketID=22, ticketName=generic ticket, ticketPrice=1000, ticketQuantity=1]. Available number of tickets :- 148
Dec 12, 2024 9:30:20 AM TicketPool removeTicket
INFO: TICKET REMOVED :- Ticket [ticketID=23, ticketName=generic ticket, ticketPrice=1000, ticketQuantity=1]. Available number of tickets :- 147
Dec 12, 2024 9:30:20 AM TicketPool removeTicket
INFO: TICKET REMOVED :- Ticket [ticketID=24, ticketName=generic ticket, ticketPrice=1000, ticketQuantity=1]. Available number of tickets :- 146
Dec 12, 2024 9:30:20 AM TicketPool removeTicket
INFO: TICKET REMOVED :- Ticket [ticketID=25, ticketName=generic ticket, ticketPrice=1000, ticketQuantity=1]. Available number of tickets :- 145
Dec 12, 2024 9:30:20 AM Customer run
INFO: Customer 2 buy a ticket
Dec 12, 2024 9:30:20 AM TicketPool addTickets
INFO: ADDED TICKETS :-  10 TICKETS. NOW POOL SIZE :- 155
Dec 12, 2024 9:30:20 AM Vendor run
INFO: Vendor 4 added 10 tickets.
Dec 12, 2024 9:30:20 AM TicketPool addTickets
INFO: ADDED TICKETS :-  10 TICKETS. NOW POOL SIZE :- 165
Dec 12, 2024 9:30:20 AM Vendor run
INFO: Vendor 5 added 10 tickets.
Dec 12, 2024 9:30:20 AM TicketPool removeTicket
INFO: TICKET REMOVED :- Ticket [ticketID=26, ticketName=generic ticket, ticketPrice=1000, ticketQuantity=1]. Available number of tickets :- 164
Dec 12, 2024 9:30:20 AM TicketPool removeTicket
INFO: TICKET REMOVED :- Ticket [ticketID=27, ticketName=generic ticket, ticketPrice=1000, ticketQuantity=1]. Available number of tickets :- 163
Dec 12, 2024 9:30:20 AM TicketPool removeTicket
INFO: TICKET REMOVED :- Ticket [ticketID=28, ticketName=generic ticket, ticketPrice=1000, ticketQuantity=1]. Available number of tickets :- 162
Dec 12, 2024 9:30:20 AM TicketPool removeTicket
INFO: TICKET REMOVED :- Ticket [ticketID=29, ticketName=generic ticket, ticketPrice=1000, ticketQuantity=1]. Available number of tickets :- 161
Dec 12, 2024 9:30:20 AM TicketPool removeTicket
INFO: TICKET REMOVED :- Ticket [ticketID=30, ticketName=generic ticket, ticketPrice=1000, ticketQuantity=1]. Available number of tickets :- 160
Dec 12, 2024 9:30:20 AM Customer run
INFO: Customer 3 buy a ticket
Dec 12, 2024 9:30:20 AM TicketPool addTickets
INFO: ADDED TICKETS :-  10 TICKETS. NOW POOL SIZE :- 170
Dec 12, 2024 9:30:20 AM Vendor run
INFO: Vendor 2 added 10 tickets.
Dec 12, 2024 9:30:21 AM TicketPool addTickets
INFO: ADDED TICKETS :-  10 TICKETS. NOW POOL SIZE :- 180
Dec 12, 2024 9:30:21 AM Vendor run
INFO: Vendor 1 added 10 tickets.
Dec 12, 2024 9:30:21 AM TicketPool addTickets
INFO: ADDED TICKETS :-  10 TICKETS. NOW POOL SIZE :- 190
Dec 12, 2024 9:30:21 AM Vendor run
INFO: Vendor 3 added 10 tickets.
Dec 12, 2024 9:30:21 AM TicketPool removeTicket
INFO: TICKET REMOVED :- Ticket [ticketID=31, ticketName=generic ticket, ticketPrice=1000, ticketQuantity=1]. Available number of tickets :- 189
Dec 12, 2024 9:30:21 AM TicketPool removeTicket
INFO: TICKET REMOVED :- Ticket [ticketID=32, ticketName=generic ticket, ticketPrice=1000, ticketQuantity=1]. Available number of tickets :- 188
Dec 12, 2024 9:30:21 AM TicketPool removeTicket
INFO: TICKET REMOVED :- Ticket [ticketID=33, ticketName=generic ticket, ticketPrice=1000, ticketQuantity=1]. Available number of tickets :- 187
Dec 12, 2024 9:30:21 AM TicketPool removeTicket
INFO: TICKET REMOVED :- Ticket [ticketID=34, ticketName=generic ticket, ticketPrice=1000, ticketQuantity=1]. Available number of tickets :- 186
Dec 12, 2024 9:30:21 AM TicketPool removeTicket
INFO: TICKET REMOVED :- Ticket [ticketID=35, ticketName=generic ticket, ticketPrice=1000, ticketQuantity=1]. Available number of tickets :- 185
Dec 12, 2024 9:30:21 AM Customer run
INFO: Customer 1 buy a ticket
Dec 12, 2024 9:30:21 AM TicketPool removeTicket
INFO: TICKET REMOVED :- Ticket [ticketID=36, ticketName=generic ticket, ticketPrice=1000, ticketQuantity=1]. Available number of tickets :- 184
Dec 12, 2024 9:30:21 AM TicketPool removeTicket
INFO: TICKET REMOVED :- Ticket [ticketID=37, ticketName=generic ticket, ticketPrice=1000, ticketQuantity=1]. Available number of tickets :- 183
Dec 12, 2024 9:30:21 AM TicketPool removeTicket
INFO: TICKET REMOVED :- Ticket [ticketID=38, ticketName=generic ticket, ticketPrice=1000, ticketQuantity=1]. Available number of tickets :- 182
Dec 12, 2024 9:30:21 AM TicketPool removeTicket
INFO: TICKET REMOVED :- Ticket [ticketID=39, ticketName=generic ticket, ticketPrice=1000, ticketQuantity=1]. Available number of tickets :- 181
Dec 12, 2024 9:30:21 AM TicketPool removeTicket
INFO: TICKET REMOVED :- Ticket [ticketID=40, ticketName=generic ticket, ticketPrice=1000, ticketQuantity=1]. Available number of tickets :- 180
Dec 12, 2024 9:30:21 AM Customer run
INFO: Customer 2 buy a ticket
Dec 12, 2024 9:30:21 AM TicketPool addTickets
INFO: ADDED TICKETS :-  10 TICKETS. NOW POOL SIZE :- 190
Dec 12, 2024 9:30:21 AM Vendor run
INFO: Vendor 5 added 10 tickets.
Dec 12, 2024 9:30:21 AM TicketPool addTickets
INFO: ADDED TICKETS :-  10 TICKETS. NOW POOL SIZE :- 200
Dec 12, 2024 9:30:21 AM Vendor run
INFO: Vendor 4 added 10 tickets.
Dec 12, 2024 9:30:21 AM TicketPool removeTicket
INFO: TICKET REMOVED :- Ticket [ticketID=41, ticketName=generic ticket, ticketPrice=1000, ticketQuantity=1]. Available number of tickets :- 199
Dec 12, 2024 9:30:21 AM TicketPool removeTicket
INFO: TICKET REMOVED :- Ticket [ticketID=42, ticketName=generic ticket, ticketPrice=1000, ticketQuantity=1]. Available number of tickets :- 198
Dec 12, 2024 9:30:21 AM TicketPool removeTicket
INFO: TICKET REMOVED :- Ticket [ticketID=43, ticketName=generic ticket, ticketPrice=1000, ticketQuantity=1]. Available number of tickets :- 197
Dec 12, 2024 9:30:21 AM TicketPool removeTicket
INFO: TICKET REMOVED :- Ticket [ticketID=44, ticketName=generic ticket, ticketPrice=1000, ticketQuantity=1]. Available number of tickets :- 196
Dec 12, 2024 9:30:21 AM TicketPool removeTicket
INFO: TICKET REMOVED :- Ticket [ticketID=45, ticketName=generic ticket, ticketPrice=1000, ticketQuantity=1]. Available number of tickets :- 195
Dec 12, 2024 9:30:21 AM TicketPool addTickets
INFO: ADDED TICKETS :-  10 TICKETS. NOW POOL SIZE :- 205
Dec 12, 2024 9:30:21 AM Vendor run
INFO: Vendor 2 added 10 tickets.
Dec 12, 2024 9:30:21 AM Customer run
INFO: Customer 3 buy a ticket
Dec 12, 2024 9:30:22 AM TicketPool addTickets
INFO: ADDED TICKETS :-  10 TICKETS. NOW POOL SIZE :- 215
Dec 12, 2024 9:30:22 AM Vendor run
INFO: Vendor 1 added 10 tickets.
Dec 12, 2024 9:30:22 AM TicketPool addTickets
INFO: ADDED TICKETS :-  10 TICKETS. NOW POOL SIZE :- 225
Dec 12, 2024 9:30:22 AM Vendor run
INFO: Vendor 3 added 10 tickets.
Dec 12, 2024 9:30:22 AM TicketPool removeTicket
INFO: TICKET REMOVED :- Ticket [ticketID=46, ticketName=generic ticket, ticketPrice=1000, ticketQuantity=1]. Available number of tickets :- 224
Dec 12, 2024 9:30:22 AM TicketPool removeTicket
INFO: TICKET REMOVED :- Ticket [ticketID=47, ticketName=generic ticket, ticketPrice=1000, ticketQuantity=1]. Available number of tickets :- 223
Dec 12, 2024 9:30:22 AM TicketPool removeTicket
INFO: TICKET REMOVED :- Ticket [ticketID=48, ticketName=generic ticket, ticketPrice=1000, ticketQuantity=1]. Available number of tickets :- 222
Dec 12, 2024 9:30:22 AM TicketPool removeTicket
INFO: TICKET REMOVED :- Ticket [ticketID=49, ticketName=generic ticket, ticketPrice=1000, ticketQuantity=1]. Available number of tickets :- 221
Dec 12, 2024 9:30:22 AM TicketPool removeTicket
INFO: TICKET REMOVED :- Ticket [ticketID=50, ticketName=generic ticket, ticketPrice=1000, ticketQuantity=1]. Available number of tickets :- 220
Dec 12, 2024 9:30:22 AM Customer run
INFO: Customer 1 buy a ticket
Dec 12, 2024 9:30:22 AM TicketPool removeTicket
INFO: TICKET REMOVED :- Ticket [ticketID=51, ticketName=generic ticket, ticketPrice=1000, ticketQuantity=1]. Available number of tickets :- 219
Dec 12, 2024 9:30:22 AM TicketPool removeTicket
INFO: TICKET REMOVED :- Ticket [ticketID=52, ticketName=generic ticket, ticketPrice=1000, ticketQuantity=1]. Available number of tickets :- 218
Dec 12, 2024 9:30:22 AM TicketPool removeTicket
INFO: TICKET REMOVED :- Ticket [ticketID=53, ticketName=generic ticket, ticketPrice=1000, ticketQuantity=1]. Available number of tickets :- 217
Dec 12, 2024 9:30:22 AM TicketPool removeTicket
INFO: TICKET REMOVED :- Ticket [ticketID=54, ticketName=generic ticket, ticketPrice=1000, ticketQuantity=1]. Available number of tickets :- 216
Dec 12, 2024 9:30:22 AM TicketPool removeTicket
INFO: TICKET REMOVED :- Ticket [ticketID=55, ticketName=generic ticket, ticketPrice=1000, ticketQuantity=1]. Available number of tickets :- 215
Dec 12, 2024 9:30:22 AM Customer run
INFO: Customer 2 buy a ticket
Dec 12, 2024 9:30:22 AM TicketPool addTickets
INFO: ADDED TICKETS :-  10 TICKETS. NOW POOL SIZE :- 225
Dec 12, 2024 9:30:22 AM Vendor run
INFO: Vendor 5 added 10 tickets.
Dec 12, 2024 9:30:22 AM TicketPool addTickets
INFO: ADDED TICKETS :-  10 TICKETS. NOW POOL SIZE :- 235
Dec 12, 2024 9:30:22 AM Vendor run
INFO: Vendor 4 added 10 tickets.
Dec 12, 2024 9:30:22 AM TicketPool removeTicket
INFO: TICKET REMOVED :- Ticket [ticketID=56, ticketName=generic ticket, ticketPrice=1000, ticketQuantity=1]. Available number of tickets :- 234
Dec 12, 2024 9:30:22 AM TicketPool removeTicket
INFO: TICKET REMOVED :- Ticket [ticketID=57, ticketName=generic ticket, ticketPrice=1000, ticketQuantity=1]. Available number of tickets :- 233
Dec 12, 2024 9:30:22 AM TicketPool removeTicket
INFO: TICKET REMOVED :- Ticket [ticketID=58, ticketName=generic ticket, ticketPrice=1000, ticketQuantity=1]. Available number of tickets :- 232
Dec 12, 2024 9:30:22 AM TicketPool removeTicket
INFO: TICKET REMOVED :- Ticket [ticketID=59, ticketName=generic ticket, ticketPrice=1000, ticketQuantity=1]. Available number of tickets :- 231
Dec 12, 2024 9:30:22 AM TicketPool removeTicket
INFO: TICKET REMOVED :- Ticket [ticketID=60, ticketName=generic ticket, ticketPrice=1000, ticketQuantity=1]. Available number of tickets :- 230
Dec 12, 2024 9:30:22 AM Customer run
INFO: Customer 3 buy a ticket
Dec 12, 2024 9:30:22 AM TicketPool addTickets
INFO: ADDED TICKETS :-  10 TICKETS. NOW POOL SIZE :- 240
Dec 12, 2024 9:30:22 AM Vendor run
INFO: Vendor 2 added 10 tickets.
Dec 12, 2024 9:30:23 AM TicketPool addTickets
INFO: ADDED TICKETS :-  10 TICKETS. NOW POOL SIZE :- 250
Dec 12, 2024 9:30:23 AM Vendor run
INFO: Vendor 1 added 10 tickets.
Dec 12, 2024 9:30:23 AM TicketPool removeTicket
INFO: TICKET REMOVED :- Ticket [ticketID=61, ticketName=generic ticket, ticketPrice=1000, ticketQuantity=1]. Available number of tickets :- 249
Dec 12, 2024 9:30:23 AM TicketPool removeTicket
INFO: TICKET REMOVED :- Ticket [ticketID=62, ticketName=generic ticket, ticketPrice=1000, ticketQuantity=1]. Available number of tickets :- 248
Dec 12, 2024 9:30:23 AM TicketPool removeTicket
INFO: TICKET REMOVED :- Ticket [ticketID=63, ticketName=generic ticket, ticketPrice=1000, ticketQuantity=1]. Available number of tickets :- 247
Dec 12, 2024 9:30:23 AM TicketPool removeTicket
INFO: TICKET REMOVED :- Ticket [ticketID=64, ticketName=generic ticket, ticketPrice=1000, ticketQuantity=1]. Available number of tickets :- 246
Dec 12, 2024 9:30:23 AM TicketPool removeTicket
INFO: TICKET REMOVED :- Ticket [ticketID=65, ticketName=generic ticket, ticketPrice=1000, ticketQuantity=1]. Available number of tickets :- 245
Dec 12, 2024 9:30:23 AM Customer run
INFO: Customer 2 buy a ticket
Dec 12, 2024 9:30:23 AM TicketPool removeTicket
INFO: TICKET REMOVED :- Ticket [ticketID=66, ticketName=generic ticket, ticketPrice=1000, ticketQuantity=1]. Available number of tickets :- 244
Dec 12, 2024 9:30:23 AM TicketPool removeTicket
INFO: TICKET REMOVED :- Ticket [ticketID=67, ticketName=generic ticket, ticketPrice=1000, ticketQuantity=1]. Available number of tickets :- 243
Dec 12, 2024 9:30:23 AM TicketPool removeTicket
INFO: TICKET REMOVED :- Ticket [ticketID=68, ticketName=generic ticket, ticketPrice=1000, ticketQuantity=1]. Available number of tickets :- 242
Dec 12, 2024 9:30:23 AM TicketPool removeTicket
INFO: TICKET REMOVED :- Ticket [ticketID=69, ticketName=generic ticket, ticketPrice=1000, ticketQuantity=1]. Available number of tickets :- 241
Dec 12, 2024 9:30:23 AM TicketPool removeTicket
INFO: TICKET REMOVED :- Ticket [ticketID=70, ticketName=generic ticket, ticketPrice=1000, ticketQuantity=1]. Available number of tickets :- 240
Dec 12, 2024 9:30:23 AM Customer run
INFO: Customer 1 buy a ticket
Dec 12, 2024 9:30:23 AM TicketPool addTickets
INFO: ADDED TICKETS :-  10 TICKETS. NOW POOL SIZE :- 250
Dec 12, 2024 9:30:23 AM Vendor run
INFO: Vendor 3 added 10 tickets.
Dec 12, 2024 9:30:23 AM TicketPool addTickets
INFO: ADDED TICKETS :-  10 TICKETS. NOW POOL SIZE :- 260
Dec 12, 2024 9:30:23 AM Vendor run
INFO: Vendor 4 added 10 tickets.
Dec 12, 2024 9:30:23 AM TicketPool addTickets
INFO: ADDED TICKETS :-  10 TICKETS. NOW POOL SIZE :- 270
Dec 12, 2024 9:30:23 AM Vendor run
INFO: Vendor 5 added 10 tickets.
Dec 12, 2024 9:30:23 AM TicketPool removeTicket
INFO: TICKET REMOVED :- Ticket [ticketID=71, ticketName=generic ticket, ticketPrice=1000, ticketQuantity=1]. Available number of tickets :- 269
Dec 12, 2024 9:30:23 AM TicketPool removeTicket
INFO: TICKET REMOVED :- Ticket [ticketID=72, ticketName=generic ticket, ticketPrice=1000, ticketQuantity=1]. Available number of tickets :- 268
Dec 12, 2024 9:30:23 AM TicketPool removeTicket
INFO: TICKET REMOVED :- Ticket [ticketID=73, ticketName=generic ticket, ticketPrice=1000, ticketQuantity=1]. Available number of tickets :- 267
Dec 12, 2024 9:30:23 AM TicketPool removeTicket
INFO: TICKET REMOVED :- Ticket [ticketID=74, ticketName=generic ticket, ticketPrice=1000, ticketQuantity=1]. Available number of tickets :- 266
Dec 12, 2024 9:30:23 AM TicketPool removeTicket
INFO: TICKET REMOVED :- Ticket [ticketID=75, ticketName=generic ticket, ticketPrice=1000, ticketQuantity=1]. Available number of tickets :- 265
Dec 12, 2024 9:30:23 AM Customer run
INFO: Customer 3 buy a ticket
Dec 12, 2024 9:30:23 AM TicketPool addTickets
INFO: ADDED TICKETS :-  10 TICKETS. NOW POOL SIZE :- 275
Dec 12, 2024 9:30:23 AM Vendor run
INFO: Vendor 2 added 10 tickets.
Dec 12, 2024 9:30:23 AM TicketSystem lambda$runSystem$0
INFO: SHUTTING DOWN THE SYSTEM...
Jan 16, 2025 3:40:28 AM TicketSystem main
INFO: ERROR SAVING CONFIGURATION :- MAX TICKET CAPACITY CANNOT EXCEED TOTAL TICKETS.
Jan 16, 2025 3:40:55 AM Configuration saveConfigToTextFile
INFO: Configuration saved to text file: configurationtext_file
Jan 16, 2025 3:40:55 AM TicketSystem main
INFO: CONFIGURATION FILE SAVED TO config.json
Jan 16, 2025 3:40:55 AM TicketPool addTickets
INFO: Warning !!!! Ticket pool reached maximum capacity. Please waiting...
Jan 16, 2025 3:40:55 AM TicketPool addTickets
INFO: Warning !!!! Ticket pool reached maximum capacity. Please waiting...
Jan 16, 2025 3:40:55 AM TicketPool addTickets
INFO: Warning !!!! Ticket pool reached maximum capacity. Please waiting...
Jan 16, 2025 3:40:55 AM TicketSystem runSystem
INFO: TICKET SYSTEM IS RUNNING
Jan 16, 2025 3:40:55 AM TicketPool removeTicket
INFO: TICKET REMOVED :- Ticket [ticketID=1, ticketName=generic ticket, ticketPrice=1000, ticketQuantity=1]. Available number of tickets :- 499
Jan 16, 2025 3:40:55 AM TicketPool removeTicket
INFO: TICKET REMOVED :- Ticket [ticketID=2, ticketName=generic ticket, ticketPrice=1000, ticketQuantity=1]. Available number of tickets :- 498
Jan 16, 2025 3:40:55 AM TicketPool removeTicket
INFO: TICKET REMOVED :- Ticket [ticketID=3, ticketName=generic ticket, ticketPrice=1000, ticketQuantity=1]. Available number of tickets :- 497
Jan 16, 2025 3:40:55 AM TicketPool removeTicket
INFO: TICKET REMOVED :- Ticket [ticketID=4, ticketName=generic ticket, ticketPrice=1000, ticketQuantity=1]. Available number of tickets :- 496
Jan 16, 2025 3:40:55 AM TicketPool removeTicket
INFO: TICKET REMOVED :- Ticket [ticketID=5, ticketName=generic ticket, ticketPrice=1000, ticketQuantity=1]. Available number of tickets :- 495
Jan 16, 2025 3:40:55 AM TicketPool addTickets
INFO: Warning !!!! Ticket pool reached maximum capacity. Please waiting...
Jan 16, 2025 3:40:55 AM Customer run
INFO: Customer 3 buy a ticket
Jan 16, 2025 3:40:55 AM TicketPool addTickets
INFO: Warning !!!! Ticket pool reached maximum capacity. Please waiting...
Jan 16, 2025 3:40:55 AM TicketPool removeTicket
INFO: TICKET REMOVED :- Ticket [ticketID=6, ticketName=generic ticket, ticketPrice=1000, ticketQuantity=1]. Available number of tickets :- 494
Jan 16, 2025 3:40:55 AM TicketPool removeTicket
INFO: TICKET REMOVED :- Ticket [ticketID=7, ticketName=generic ticket, ticketPrice=1000, ticketQuantity=1]. Available number of tickets :- 493
Jan 16, 2025 3:40:55 AM TicketPool removeTicket
INFO: TICKET REMOVED :- Ticket [ticketID=8, ticketName=generic ticket, ticketPrice=1000, ticketQuantity=1]. Available number of tickets :- 492
Jan 16, 2025 3:40:55 AM TicketPool removeTicket
INFO: TICKET REMOVED :- Ticket [ticketID=9, ticketName=generic ticket, ticketPrice=1000, ticketQuantity=1]. Available number of tickets :- 491
Jan 16, 2025 3:40:55 AM TicketPool removeTicket
INFO: TICKET REMOVED :- Ticket [ticketID=10, ticketName=generic ticket, ticketPrice=1000, ticketQuantity=1]. Available number of tickets :- 490
Jan 16, 2025 3:40:55 AM Customer run
INFO: Customer 2 buy a ticket
Jan 16, 2025 3:40:55 AM TicketPool removeTicket
INFO: TICKET REMOVED :- Ticket [ticketID=11, ticketName=generic ticket, ticketPrice=1000, ticketQuantity=1]. Available number of tickets :- 489
Jan 16, 2025 3:40:55 AM TicketPool removeTicket
INFO: TICKET REMOVED :- Ticket [ticketID=12, ticketName=generic ticket, ticketPrice=1000, ticketQuantity=1]. Available number of tickets :- 488
Jan 16, 2025 3:40:55 AM TicketPool removeTicket
INFO: TICKET REMOVED :- Ticket [ticketID=13, ticketName=generic ticket, ticketPrice=1000, ticketQuantity=1]. Available number of tickets :- 487
Jan 16, 2025 3:40:55 AM TicketPool removeTicket
INFO: TICKET REMOVED :- Ticket [ticketID=14, ticketName=generic ticket, ticketPrice=1000, ticketQuantity=1]. Available number of tickets :- 486
Jan 16, 2025 3:40:55 AM TicketPool removeTicket
INFO: TICKET REMOVED :- Ticket [ticketID=15, ticketName=generic ticket, ticketPrice=1000, ticketQuantity=1]. Available number of tickets :- 485
Jan 16, 2025 3:40:55 AM Customer run
INFO: Customer 1 buy a ticket
Jan 16, 2025 3:40:56 AM TicketPool removeTicket
INFO: TICKET REMOVED :- Ticket [ticketID=16, ticketName=generic ticket, ticketPrice=1000, ticketQuantity=1]. Available number of tickets :- 484
Jan 16, 2025 3:40:56 AM TicketPool removeTicket
INFO: TICKET REMOVED :- Ticket [ticketID=17, ticketName=generic ticket, ticketPrice=1000, ticketQuantity=1]. Available number of tickets :- 483
Jan 16, 2025 3:40:56 AM TicketPool removeTicket
INFO: TICKET REMOVED :- Ticket [ticketID=18, ticketName=generic ticket, ticketPrice=1000, ticketQuantity=1]. Available number of tickets :- 482
Jan 16, 2025 3:40:56 AM TicketPool removeTicket
INFO: TICKET REMOVED :- Ticket [ticketID=19, ticketName=generic ticket, ticketPrice=1000, ticketQuantity=1]. Available number of tickets :- 481
Jan 16, 2025 3:40:56 AM TicketPool removeTicket
INFO: TICKET REMOVED :- Ticket [ticketID=20, ticketName=generic ticket, ticketPrice=1000, ticketQuantity=1]. Available number of tickets :- 480
Jan 16, 2025 3:40:56 AM Customer run
INFO: Customer 2 buy a ticket
Jan 16, 2025 3:40:56 AM TicketPool removeTicket
INFO: TICKET REMOVED :- Ticket [ticketID=21, ticketName=generic ticket, ticketPrice=1000, ticketQuantity=1]. Available number of tickets :- 479
Jan 16, 2025 3:40:56 AM TicketPool removeTicket
INFO: TICKET REMOVED :- Ticket [ticketID=22, ticketName=generic ticket, ticketPrice=1000, ticketQuantity=1]. Available number of tickets :- 478
Jan 16, 2025 3:40:56 AM TicketPool removeTicket
INFO: TICKET REMOVED :- Ticket [ticketID=23, ticketName=generic ticket, ticketPrice=1000, ticketQuantity=1]. Available number of tickets :- 477
Jan 16, 2025 3:40:56 AM TicketPool removeTicket
INFO: TICKET REMOVED :- Ticket [ticketID=24, ticketName=generic ticket, ticketPrice=1000, ticketQuantity=1]. Available number of tickets :- 476
Jan 16, 2025 3:40:56 AM TicketPool removeTicket
INFO: TICKET REMOVED :- Ticket [ticketID=25, ticketName=generic ticket, ticketPrice=1000, ticketQuantity=1]. Available number of tickets :- 475
Jan 16, 2025 3:40:56 AM Customer run
INFO: Customer 3 buy a ticket
Jan 16, 2025 3:40:56 AM TicketPool removeTicket
INFO: TICKET REMOVED :- Ticket [ticketID=26, ticketName=generic ticket, ticketPrice=1000, ticketQuantity=1]. Available number of tickets :- 474
Jan 16, 2025 3:40:56 AM TicketPool removeTicket
INFO: TICKET REMOVED :- Ticket [ticketID=27, ticketName=generic ticket, ticketPrice=1000, ticketQuantity=1]. Available number of tickets :- 473
Jan 16, 2025 3:40:56 AM TicketPool removeTicket
INFO: TICKET REMOVED :- Ticket [ticketID=28, ticketName=generic ticket, ticketPrice=1000, ticketQuantity=1]. Available number of tickets :- 472
Jan 16, 2025 3:40:56 AM TicketPool removeTicket
INFO: TICKET REMOVED :- Ticket [ticketID=29, ticketName=generic ticket, ticketPrice=1000, ticketQuantity=1]. Available number of tickets :- 471
Jan 16, 2025 3:40:56 AM TicketPool removeTicket
INFO: TICKET REMOVED :- Ticket [ticketID=30, ticketName=generic ticket, ticketPrice=1000, ticketQuantity=1]. Available number of tickets :- 470
Jan 16, 2025 3:40:56 AM Customer run
INFO: Customer 1 buy a ticket
Jan 16, 2025 3:40:57 AM TicketPool removeTicket
INFO: TICKET REMOVED :- Ticket [ticketID=31, ticketName=generic ticket, ticketPrice=1000, ticketQuantity=1]. Available number of tickets :- 469
Jan 16, 2025 3:40:57 AM TicketPool removeTicket
INFO: TICKET REMOVED :- Ticket [ticketID=32, ticketName=generic ticket, ticketPrice=1000, ticketQuantity=1]. Available number of tickets :- 468
Jan 16, 2025 3:40:57 AM TicketPool removeTicket
INFO: TICKET REMOVED :- Ticket [ticketID=33, ticketName=generic ticket, ticketPrice=1000, ticketQuantity=1]. Available number of tickets :- 467
Jan 16, 2025 3:40:57 AM TicketPool removeTicket
INFO: TICKET REMOVED :- Ticket [ticketID=34, ticketName=generic ticket, ticketPrice=1000, ticketQuantity=1]. Available number of tickets :- 466
Jan 16, 2025 3:40:57 AM TicketPool removeTicket
INFO: TICKET REMOVED :- Ticket [ticketID=35, ticketName=generic ticket, ticketPrice=1000, ticketQuantity=1]. Available number of tickets :- 465
Jan 16, 2025 3:40:57 AM Customer run
INFO: Customer 2 buy a ticket
Jan 16, 2025 3:40:57 AM TicketPool removeTicket
INFO: TICKET REMOVED :- Ticket [ticketID=36, ticketName=generic ticket, ticketPrice=1000, ticketQuantity=1]. Available number of tickets :- 464
Jan 16, 2025 3:40:57 AM TicketPool removeTicket
INFO: TICKET REMOVED :- Ticket [ticketID=37, ticketName=generic ticket, ticketPrice=1000, ticketQuantity=1]. Available number of tickets :- 463
Jan 16, 2025 3:40:57 AM TicketPool removeTicket
INFO: TICKET REMOVED :- Ticket [ticketID=38, ticketName=generic ticket, ticketPrice=1000, ticketQuantity=1]. Available number of tickets :- 462
Jan 16, 2025 3:40:57 AM TicketPool removeTicket
INFO: TICKET REMOVED :- Ticket [ticketID=39, ticketName=generic ticket, ticketPrice=1000, ticketQuantity=1]. Available number of tickets :- 461
Jan 16, 2025 3:40:57 AM TicketPool removeTicket
INFO: TICKET REMOVED :- Ticket [ticketID=40, ticketName=generic ticket, ticketPrice=1000, ticketQuantity=1]. Available number of tickets :- 460
Jan 16, 2025 3:40:57 AM Customer run
INFO: Customer 3 buy a ticket
Jan 16, 2025 3:40:57 AM TicketPool removeTicket
INFO: TICKET REMOVED :- Ticket [ticketID=41, ticketName=generic ticket, ticketPrice=1000, ticketQuantity=1]. Available number of tickets :- 459
Jan 16, 2025 3:40:57 AM TicketPool removeTicket
INFO: TICKET REMOVED :- Ticket [ticketID=42, ticketName=generic ticket, ticketPrice=1000, ticketQuantity=1]. Available number of tickets :- 458
Jan 16, 2025 3:40:57 AM TicketPool removeTicket
INFO: TICKET REMOVED :- Ticket [ticketID=43, ticketName=generic ticket, ticketPrice=1000, ticketQuantity=1]. Available number of tickets :- 457
Jan 16, 2025 3:40:57 AM TicketPool removeTicket
INFO: TICKET REMOVED :- Ticket [ticketID=44, ticketName=generic ticket, ticketPrice=1000, ticketQuantity=1]. Available number of tickets :- 456
Jan 16, 2025 3:40:57 AM TicketPool removeTicket
INFO: TICKET REMOVED :- Ticket [ticketID=45, ticketName=generic ticket, ticketPrice=1000, ticketQuantity=1]. Available number of tickets :- 455
Jan 16, 2025 3:40:57 AM Customer run
INFO: Customer 1 buy a ticket
Jan 16, 2025 3:40:58 AM TicketPool removeTicket
INFO: TICKET REMOVED :- Ticket [ticketID=46, ticketName=generic ticket, ticketPrice=1000, ticketQuantity=1]. Available number of tickets :- 454
Jan 16, 2025 3:40:58 AM TicketPool removeTicket
INFO: TICKET REMOVED :- Ticket [ticketID=47, ticketName=generic ticket, ticketPrice=1000, ticketQuantity=1]. Available number of tickets :- 453
Jan 16, 2025 3:40:58 AM TicketPool removeTicket
INFO: TICKET REMOVED :- Ticket [ticketID=48, ticketName=generic ticket, ticketPrice=1000, ticketQuantity=1]. Available number of tickets :- 452
Jan 16, 2025 3:40:58 AM TicketPool removeTicket
INFO: TICKET REMOVED :- Ticket [ticketID=49, ticketName=generic ticket, ticketPrice=1000, ticketQuantity=1]. Available number of tickets :- 451
Jan 16, 2025 3:40:58 AM TicketPool removeTicket
INFO: TICKET REMOVED :- Ticket [ticketID=50, ticketName=generic ticket, ticketPrice=1000, ticketQuantity=1]. Available number of tickets :- 450
Jan 16, 2025 3:40:58 AM Customer run
INFO: Customer 3 buy a ticket
Jan 16, 2025 3:40:58 AM TicketPool removeTicket
INFO: TICKET REMOVED :- Ticket [ticketID=51, ticketName=generic ticket, ticketPrice=1000, ticketQuantity=1]. Available number of tickets :- 449
Jan 16, 2025 3:40:58 AM TicketPool removeTicket
INFO: TICKET REMOVED :- Ticket [ticketID=52, ticketName=generic ticket, ticketPrice=1000, ticketQuantity=1]. Available number of tickets :- 448
Jan 16, 2025 3:40:58 AM TicketPool removeTicket
INFO: TICKET REMOVED :- Ticket [ticketID=53, ticketName=generic ticket, ticketPrice=1000, ticketQuantity=1]. Available number of tickets :- 447
Jan 16, 2025 3:40:58 AM TicketPool removeTicket
INFO: TICKET REMOVED :- Ticket [ticketID=54, ticketName=generic ticket, ticketPrice=1000, ticketQuantity=1]. Available number of tickets :- 446
Jan 16, 2025 3:40:58 AM TicketPool removeTicket
INFO: TICKET REMOVED :- Ticket [ticketID=55, ticketName=generic ticket, ticketPrice=1000, ticketQuantity=1]. Available number of tickets :- 445
Jan 16, 2025 3:40:58 AM Customer run
INFO: Customer 2 buy a ticket
Jan 16, 2025 3:40:58 AM TicketPool removeTicket
INFO: TICKET REMOVED :- Ticket [ticketID=56, ticketName=generic ticket, ticketPrice=1000, ticketQuantity=1]. Available number of tickets :- 444
Jan 16, 2025 3:40:58 AM TicketPool removeTicket
INFO: TICKET REMOVED :- Ticket [ticketID=57, ticketName=generic ticket, ticketPrice=1000, ticketQuantity=1]. Available number of tickets :- 443
Jan 16, 2025 3:40:58 AM TicketPool removeTicket
INFO: TICKET REMOVED :- Ticket [ticketID=58, ticketName=generic ticket, ticketPrice=1000, ticketQuantity=1]. Available number of tickets :- 442
Jan 16, 2025 3:40:58 AM TicketPool removeTicket
INFO: TICKET REMOVED :- Ticket [ticketID=59, ticketName=generic ticket, ticketPrice=1000, ticketQuantity=1]. Available number of tickets :- 441
Jan 16, 2025 3:40:58 AM TicketPool removeTicket
INFO: TICKET REMOVED :- Ticket [ticketID=60, ticketName=generic ticket, ticketPrice=1000, ticketQuantity=1]. Available number of tickets :- 440
Jan 16, 2025 3:40:58 AM Customer run
INFO: Customer 1 buy a ticket
Jan 16, 2025 3:40:59 AM TicketPool removeTicket
INFO: TICKET REMOVED :- Ticket [ticketID=61, ticketName=generic ticket, ticketPrice=1000, ticketQuantity=1]. Available number of tickets :- 439
Jan 16, 2025 3:40:59 AM TicketPool removeTicket
INFO: TICKET REMOVED :- Ticket [ticketID=62, ticketName=generic ticket, ticketPrice=1000, ticketQuantity=1]. Available number of tickets :- 438
Jan 16, 2025 3:40:59 AM TicketPool removeTicket
INFO: TICKET REMOVED :- Ticket [ticketID=63, ticketName=generic ticket, ticketPrice=1000, ticketQuantity=1]. Available number of tickets :- 437
Jan 16, 2025 3:40:59 AM TicketPool removeTicket
INFO: TICKET REMOVED :- Ticket [ticketID=64, ticketName=generic ticket, ticketPrice=1000, ticketQuantity=1]. Available number of tickets :- 436
Jan 16, 2025 3:40:59 AM TicketPool removeTicket
INFO: TICKET REMOVED :- Ticket [ticketID=65, ticketName=generic ticket, ticketPrice=1000, ticketQuantity=1]. Available number of tickets :- 435
Jan 16, 2025 3:40:59 AM Customer run
INFO: Customer 2 buy a ticket
Jan 16, 2025 3:40:59 AM TicketPool removeTicket
INFO: TICKET REMOVED :- Ticket [ticketID=66, ticketName=generic ticket, ticketPrice=1000, ticketQuantity=1]. Available number of tickets :- 434
Jan 16, 2025 3:40:59 AM TicketPool removeTicket
INFO: TICKET REMOVED :- Ticket [ticketID=67, ticketName=generic ticket, ticketPrice=1000, ticketQuantity=1]. Available number of tickets :- 433
Jan 16, 2025 3:40:59 AM TicketPool removeTicket
INFO: TICKET REMOVED :- Ticket [ticketID=68, ticketName=generic ticket, ticketPrice=1000, ticketQuantity=1]. Available number of tickets :- 432
Jan 16, 2025 3:40:59 AM TicketPool removeTicket
INFO: TICKET REMOVED :- Ticket [ticketID=69, ticketName=generic ticket, ticketPrice=1000, ticketQuantity=1]. Available number of tickets :- 431
Jan 16, 2025 3:40:59 AM TicketPool removeTicket
INFO: TICKET REMOVED :- Ticket [ticketID=70, ticketName=generic ticket, ticketPrice=1000, ticketQuantity=1]. Available number of tickets :- 430
Jan 16, 2025 3:40:59 AM Customer run
INFO: Customer 3 buy a ticket
Jan 16, 2025 3:40:59 AM TicketPool removeTicket
INFO: TICKET REMOVED :- Ticket [ticketID=71, ticketName=generic ticket, ticketPrice=1000, ticketQuantity=1]. Available number of tickets :- 429
Jan 16, 2025 3:40:59 AM TicketPool removeTicket
INFO: TICKET REMOVED :- Ticket [ticketID=72, ticketName=generic ticket, ticketPrice=1000, ticketQuantity=1]. Available number of tickets :- 428
Jan 16, 2025 3:40:59 AM TicketPool removeTicket
INFO: TICKET REMOVED :- Ticket [ticketID=73, ticketName=generic ticket, ticketPrice=1000, ticketQuantity=1]. Available number of tickets :- 427
Jan 16, 2025 3:40:59 AM TicketPool removeTicket
INFO: TICKET REMOVED :- Ticket [ticketID=74, ticketName=generic ticket, ticketPrice=1000, ticketQuantity=1]. Available number of tickets :- 426
Jan 16, 2025 3:40:59 AM TicketPool removeTicket
INFO: TICKET REMOVED :- Ticket [ticketID=75, ticketName=generic ticket, ticketPrice=1000, ticketQuantity=1]. Available number of tickets :- 425
Jan 16, 2025 3:40:59 AM Customer run
INFO: Customer 1 buy a ticket
Jan 16, 2025 3:41:00 AM TicketPool removeTicket
INFO: TICKET REMOVED :- Ticket [ticketID=76, ticketName=generic ticket, ticketPrice=1000, ticketQuantity=1]. Available number of tickets :- 424
Jan 16, 2025 3:41:00 AM TicketPool removeTicket
INFO: TICKET REMOVED :- Ticket [ticketID=77, ticketName=generic ticket, ticketPrice=1000, ticketQuantity=1]. Available number of tickets :- 423
Jan 16, 2025 3:41:00 AM TicketPool removeTicket
INFO: TICKET REMOVED :- Ticket [ticketID=78, ticketName=generic ticket, ticketPrice=1000, ticketQuantity=1]. Available number of tickets :- 422
Jan 16, 2025 3:41:00 AM TicketPool removeTicket
INFO: TICKET REMOVED :- Ticket [ticketID=79, ticketName=generic ticket, ticketPrice=1000, ticketQuantity=1]. Available number of tickets :- 421
Jan 16, 2025 3:41:00 AM TicketPool removeTicket
INFO: TICKET REMOVED :- Ticket [ticketID=80, ticketName=generic ticket, ticketPrice=1000, ticketQuantity=1]. Available number of tickets :- 420
Jan 16, 2025 3:41:00 AM Customer run
INFO: Customer 3 buy a ticket
Jan 16, 2025 3:41:00 AM TicketPool removeTicket
INFO: TICKET REMOVED :- Ticket [ticketID=81, ticketName=generic ticket, ticketPrice=1000, ticketQuantity=1]. Available number of tickets :- 419
Jan 16, 2025 3:41:00 AM TicketPool removeTicket
INFO: TICKET REMOVED :- Ticket [ticketID=82, ticketName=generic ticket, ticketPrice=1000, ticketQuantity=1]. Available number of tickets :- 418
Jan 16, 2025 3:41:00 AM TicketPool removeTicket
INFO: TICKET REMOVED :- Ticket [ticketID=83, ticketName=generic ticket, ticketPrice=1000, ticketQuantity=1]. Available number of tickets :- 417
Jan 16, 2025 3:41:00 AM TicketPool removeTicket
INFO: TICKET REMOVED :- Ticket [ticketID=84, ticketName=generic ticket, ticketPrice=1000, ticketQuantity=1]. Available number of tickets :- 416
Jan 16, 2025 3:41:00 AM TicketPool removeTicket
INFO: TICKET REMOVED :- Ticket [ticketID=85, ticketName=generic ticket, ticketPrice=1000, ticketQuantity=1]. Available number of tickets :- 415
Jan 16, 2025 3:41:00 AM Customer run
INFO: Customer 2 buy a ticket
Jan 16, 2025 3:41:00 AM TicketPool removeTicket
INFO: TICKET REMOVED :- Ticket [ticketID=86, ticketName=generic ticket, ticketPrice=1000, ticketQuantity=1]. Available number of tickets :- 414
Jan 16, 2025 3:41:00 AM TicketPool removeTicket
INFO: TICKET REMOVED :- Ticket [ticketID=87, ticketName=generic ticket, ticketPrice=1000, ticketQuantity=1]. Available number of tickets :- 413
Jan 16, 2025 3:41:00 AM TicketPool removeTicket
INFO: TICKET REMOVED :- Ticket [ticketID=88, ticketName=generic ticket, ticketPrice=1000, ticketQuantity=1]. Available number of tickets :- 412
Jan 16, 2025 3:41:00 AM TicketPool removeTicket
INFO: TICKET REMOVED :- Ticket [ticketID=89, ticketName=generic ticket, ticketPrice=1000, ticketQuantity=1]. Available number of tickets :- 411
Jan 16, 2025 3:41:00 AM TicketPool removeTicket
INFO: TICKET REMOVED :- Ticket [ticketID=90, ticketName=generic ticket, ticketPrice=1000, ticketQuantity=1]. Available number of tickets :- 410
Jan 16, 2025 3:41:00 AM Customer run
INFO: Customer 1 buy a ticket
Jan 16, 2025 3:41:01 AM TicketPool removeTicket
INFO: TICKET REMOVED :- Ticket [ticketID=91, ticketName=generic ticket, ticketPrice=1000, ticketQuantity=1]. Available number of tickets :- 409
Jan 16, 2025 3:41:01 AM TicketPool removeTicket
INFO: TICKET REMOVED :- Ticket [ticketID=92, ticketName=generic ticket, ticketPrice=1000, ticketQuantity=1]. Available number of tickets :- 408
Jan 16, 2025 3:41:01 AM TicketPool removeTicket
INFO: TICKET REMOVED :- Ticket [ticketID=93, ticketName=generic ticket, ticketPrice=1000, ticketQuantity=1]. Available number of tickets :- 407
Jan 16, 2025 3:41:01 AM TicketPool removeTicket
INFO: TICKET REMOVED :- Ticket [ticketID=94, ticketName=generic ticket, ticketPrice=1000, ticketQuantity=1]. Available number of tickets :- 406
Jan 16, 2025 3:41:01 AM TicketPool removeTicket
INFO: TICKET REMOVED :- Ticket [ticketID=95, ticketName=generic ticket, ticketPrice=1000, ticketQuantity=1]. Available number of tickets :- 405
Jan 16, 2025 3:41:01 AM Customer run
INFO: Customer 3 buy a ticket
Jan 16, 2025 3:41:01 AM TicketPool removeTicket
INFO: TICKET REMOVED :- Ticket [ticketID=96, ticketName=generic ticket, ticketPrice=1000, ticketQuantity=1]. Available number of tickets :- 404
Jan 16, 2025 3:41:01 AM TicketPool removeTicket
INFO: TICKET REMOVED :- Ticket [ticketID=97, ticketName=generic ticket, ticketPrice=1000, ticketQuantity=1]. Available number of tickets :- 403
Jan 16, 2025 3:41:01 AM TicketPool removeTicket
INFO: TICKET REMOVED :- Ticket [ticketID=98, ticketName=generic ticket, ticketPrice=1000, ticketQuantity=1]. Available number of tickets :- 402
Jan 16, 2025 3:41:01 AM TicketPool removeTicket
INFO: TICKET REMOVED :- Ticket [ticketID=99, ticketName=generic ticket, ticketPrice=1000, ticketQuantity=1]. Available number of tickets :- 401
Jan 16, 2025 3:41:01 AM TicketPool removeTicket
INFO: TICKET REMOVED :- Ticket [ticketID=100, ticketName=generic ticket, ticketPrice=1000, ticketQuantity=1]. Available number of tickets :- 400
Jan 16, 2025 3:41:01 AM Customer run
INFO: Customer 2 buy a ticket
Jan 16, 2025 3:41:01 AM TicketPool removeTicket
INFO: TICKET REMOVED :- Ticket [ticketID=101, ticketName=generic ticket, ticketPrice=1000, ticketQuantity=1]. Available number of tickets :- 399
Jan 16, 2025 3:41:01 AM TicketPool removeTicket
INFO: TICKET REMOVED :- Ticket [ticketID=102, ticketName=generic ticket, ticketPrice=1000, ticketQuantity=1]. Available number of tickets :- 398
Jan 16, 2025 3:41:01 AM TicketPool removeTicket
INFO: TICKET REMOVED :- Ticket [ticketID=103, ticketName=generic ticket, ticketPrice=1000, ticketQuantity=1]. Available number of tickets :- 397
Jan 16, 2025 3:41:01 AM TicketPool removeTicket
INFO: TICKET REMOVED :- Ticket [ticketID=104, ticketName=generic ticket, ticketPrice=1000, ticketQuantity=1]. Available number of tickets :- 396
Jan 16, 2025 3:41:01 AM TicketPool removeTicket
INFO: TICKET REMOVED :- Ticket [ticketID=105, ticketName=generic ticket, ticketPrice=1000, ticketQuantity=1]. Available number of tickets :- 395
Jan 16, 2025 3:41:01 AM Customer run
INFO: Customer 1 buy a ticket
Jan 16, 2025 3:41:02 AM TicketPool removeTicket
INFO: TICKET REMOVED :- Ticket [ticketID=106, ticketName=generic ticket, ticketPrice=1000, ticketQuantity=1]. Available number of tickets :- 394
Jan 16, 2025 3:41:02 AM TicketPool removeTicket
INFO: TICKET REMOVED :- Ticket [ticketID=107, ticketName=generic ticket, ticketPrice=1000, ticketQuantity=1]. Available number of tickets :- 393
Jan 16, 2025 3:41:02 AM TicketPool removeTicket
INFO: TICKET REMOVED :- Ticket [ticketID=108, ticketName=generic ticket, ticketPrice=1000, ticketQuantity=1]. Available number of tickets :- 392
Jan 16, 2025 3:41:02 AM TicketPool removeTicket
INFO: TICKET REMOVED :- Ticket [ticketID=109, ticketName=generic ticket, ticketPrice=1000, ticketQuantity=1]. Available number of tickets :- 391
Jan 16, 2025 3:41:02 AM TicketPool removeTicket
INFO: TICKET REMOVED :- Ticket [ticketID=110, ticketName=generic ticket, ticketPrice=1000, ticketQuantity=1]. Available number of tickets :- 390
Jan 16, 2025 3:41:02 AM Customer run
INFO: Customer 2 buy a ticket
Jan 16, 2025 3:41:02 AM TicketPool removeTicket
INFO: TICKET REMOVED :- Ticket [ticketID=111, ticketName=generic ticket, ticketPrice=1000, ticketQuantity=1]. Available number of tickets :- 389
Jan 16, 2025 3:41:02 AM TicketPool removeTicket
INFO: TICKET REMOVED :- Ticket [ticketID=112, ticketName=generic ticket, ticketPrice=1000, ticketQuantity=1]. Available number of tickets :- 388
Jan 16, 2025 3:41:02 AM TicketPool removeTicket
INFO: TICKET REMOVED :- Ticket [ticketID=113, ticketName=generic ticket, ticketPrice=1000, ticketQuantity=1]. Available number of tickets :- 387
Jan 16, 2025 3:41:02 AM TicketPool removeTicket
INFO: TICKET REMOVED :- Ticket [ticketID=114, ticketName=generic ticket, ticketPrice=1000, ticketQuantity=1]. Available number of tickets :- 386
Jan 16, 2025 3:41:02 AM TicketPool removeTicket
INFO: TICKET REMOVED :- Ticket [ticketID=115, ticketName=generic ticket, ticketPrice=1000, ticketQuantity=1]. Available number of tickets :- 385
Jan 16, 2025 3:41:02 AM Customer run
INFO: Customer 3 buy a ticket
Jan 16, 2025 3:41:02 AM TicketPool removeTicket
INFO: TICKET REMOVED :- Ticket [ticketID=116, ticketName=generic ticket, ticketPrice=1000, ticketQuantity=1]. Available number of tickets :- 384
Jan 16, 2025 3:41:02 AM TicketPool removeTicket
INFO: TICKET REMOVED :- Ticket [ticketID=117, ticketName=generic ticket, ticketPrice=1000, ticketQuantity=1]. Available number of tickets :- 383
Jan 16, 2025 3:41:02 AM TicketPool removeTicket
INFO: TICKET REMOVED :- Ticket [ticketID=118, ticketName=generic ticket, ticketPrice=1000, ticketQuantity=1]. Available number of tickets :- 382
Jan 16, 2025 3:41:02 AM TicketPool removeTicket
INFO: TICKET REMOVED :- Ticket [ticketID=119, ticketName=generic ticket, ticketPrice=1000, ticketQuantity=1]. Available number of tickets :- 381
Jan 16, 2025 3:41:02 AM TicketPool removeTicket
INFO: TICKET REMOVED :- Ticket [ticketID=120, ticketName=generic ticket, ticketPrice=1000, ticketQuantity=1]. Available number of tickets :- 380
Jan 16, 2025 3:41:02 AM Customer run
INFO: Customer 1 buy a ticket
Jan 16, 2025 3:41:03 AM TicketPool removeTicket
INFO: TICKET REMOVED :- Ticket [ticketID=121, ticketName=generic ticket, ticketPrice=1000, ticketQuantity=1]. Available number of tickets :- 379
Jan 16, 2025 3:41:03 AM TicketPool removeTicket
INFO: TICKET REMOVED :- Ticket [ticketID=122, ticketName=generic ticket, ticketPrice=1000, ticketQuantity=1]. Available number of tickets :- 378
Jan 16, 2025 3:41:03 AM TicketPool removeTicket
INFO: TICKET REMOVED :- Ticket [ticketID=123, ticketName=generic ticket, ticketPrice=1000, ticketQuantity=1]. Available number of tickets :- 377
Jan 16, 2025 3:41:03 AM TicketPool removeTicket
INFO: TICKET REMOVED :- Ticket [ticketID=124, ticketName=generic ticket, ticketPrice=1000, ticketQuantity=1]. Available number of tickets :- 376
Jan 16, 2025 3:41:03 AM TicketPool removeTicket
INFO: TICKET REMOVED :- Ticket [ticketID=125, ticketName=generic ticket, ticketPrice=1000, ticketQuantity=1]. Available number of tickets :- 375
Jan 16, 2025 3:41:03 AM TicketPool removeTicket
INFO: TICKET REMOVED :- Ticket [ticketID=126, ticketName=generic ticket, ticketPrice=1000, ticketQuantity=1]. Available number of tickets :- 374
Jan 16, 2025 3:41:03 AM Customer run
INFO: Customer 3 buy a ticket
Jan 16, 2025 3:41:03 AM TicketPool removeTicket
INFO: TICKET REMOVED :- Ticket [ticketID=127, ticketName=generic ticket, ticketPrice=1000, ticketQuantity=1]. Available number of tickets :- 373
Jan 16, 2025 3:41:03 AM TicketPool removeTicket
INFO: TICKET REMOVED :- Ticket [ticketID=128, ticketName=generic ticket, ticketPrice=1000, ticketQuantity=1]. Available number of tickets :- 372
Jan 16, 2025 3:41:03 AM TicketPool removeTicket
INFO: TICKET REMOVED :- Ticket [ticketID=129, ticketName=generic ticket, ticketPrice=1000, ticketQuantity=1]. Available number of tickets :- 371
Jan 16, 2025 3:41:03 AM TicketPool removeTicket
INFO: TICKET REMOVED :- Ticket [ticketID=130, ticketName=generic ticket, ticketPrice=1000, ticketQuantity=1]. Available number of tickets :- 370
Jan 16, 2025 3:41:03 AM Customer run
INFO: Customer 2 buy a ticket
Jan 16, 2025 3:41:04 AM TicketPool removeTicket
INFO: TICKET REMOVED :- Ticket [ticketID=131, ticketName=generic ticket, ticketPrice=1000, ticketQuantity=1]. Available number of tickets :- 369
Jan 16, 2025 3:41:04 AM TicketPool removeTicket
INFO: TICKET REMOVED :- Ticket [ticketID=132, ticketName=generic ticket, ticketPrice=1000, ticketQuantity=1]. Available number of tickets :- 368
Jan 16, 2025 3:41:04 AM TicketPool removeTicket
INFO: TICKET REMOVED :- Ticket [ticketID=133, ticketName=generic ticket, ticketPrice=1000, ticketQuantity=1]. Available number of tickets :- 367
Jan 16, 2025 3:41:04 AM TicketPool removeTicket
INFO: TICKET REMOVED :- Ticket [ticketID=134, ticketName=generic ticket, ticketPrice=1000, ticketQuantity=1]. Available number of tickets :- 366
Jan 16, 2025 3:41:04 AM TicketPool removeTicket
INFO: TICKET REMOVED :- Ticket [ticketID=135, ticketName=generic ticket, ticketPrice=1000, ticketQuantity=1]. Available number of tickets :- 365
Jan 16, 2025 3:41:04 AM Customer run
INFO: Customer 1 buy a ticket
Jan 16, 2025 3:41:04 AM TicketPool removeTicket
INFO: TICKET REMOVED :- Ticket [ticketID=136, ticketName=generic ticket, ticketPrice=1000, ticketQuantity=1]. Available number of tickets :- 364
Jan 16, 2025 3:41:04 AM TicketPool removeTicket
INFO: TICKET REMOVED :- Ticket [ticketID=137, ticketName=generic ticket, ticketPrice=1000, ticketQuantity=1]. Available number of tickets :- 363
Jan 16, 2025 3:41:04 AM TicketPool removeTicket
INFO: TICKET REMOVED :- Ticket [ticketID=138, ticketName=generic ticket, ticketPrice=1000, ticketQuantity=1]. Available number of tickets :- 362
Jan 16, 2025 3:41:04 AM TicketPool removeTicket
INFO: TICKET REMOVED :- Ticket [ticketID=139, ticketName=generic ticket, ticketPrice=1000, ticketQuantity=1]. Available number of tickets :- 361
Jan 16, 2025 3:41:04 AM TicketPool removeTicket
INFO: TICKET REMOVED :- Ticket [ticketID=140, ticketName=generic ticket, ticketPrice=1000, ticketQuantity=1]. Available number of tickets :- 360
Jan 16, 2025 3:41:04 AM Customer run
INFO: Customer 2 buy a ticket
Jan 16, 2025 3:41:04 AM TicketPool removeTicket
INFO: TICKET REMOVED :- Ticket [ticketID=141, ticketName=generic ticket, ticketPrice=1000, ticketQuantity=1]. Available number of tickets :- 359
Jan 16, 2025 3:41:04 AM TicketPool removeTicket
INFO: TICKET REMOVED :- Ticket [ticketID=142, ticketName=generic ticket, ticketPrice=1000, ticketQuantity=1]. Available number of tickets :- 358
Jan 16, 2025 3:41:04 AM TicketPool removeTicket
INFO: TICKET REMOVED :- Ticket [ticketID=143, ticketName=generic ticket, ticketPrice=1000, ticketQuantity=1]. Available number of tickets :- 357
Jan 16, 2025 3:41:04 AM TicketPool removeTicket
INFO: TICKET REMOVED :- Ticket [ticketID=144, ticketName=generic ticket, ticketPrice=1000, ticketQuantity=1]. Available number of tickets :- 356
Jan 16, 2025 3:41:04 AM TicketPool removeTicket
INFO: TICKET REMOVED :- Ticket [ticketID=145, ticketName=generic ticket, ticketPrice=1000, ticketQuantity=1]. Available number of tickets :- 355
Jan 16, 2025 3:41:05 AM Customer run
INFO: Customer 3 buy a ticket
Jan 16, 2025 3:41:05 AM TicketPool removeTicket
INFO: TICKET REMOVED :- Ticket [ticketID=146, ticketName=generic ticket, ticketPrice=1000, ticketQuantity=1]. Available number of tickets :- 354
Jan 16, 2025 3:41:05 AM TicketPool removeTicket
INFO: TICKET REMOVED :- Ticket [ticketID=147, ticketName=generic ticket, ticketPrice=1000, ticketQuantity=1]. Available number of tickets :- 353
Jan 16, 2025 3:41:05 AM TicketPool removeTicket
INFO: TICKET REMOVED :- Ticket [ticketID=148, ticketName=generic ticket, ticketPrice=1000, ticketQuantity=1]. Available number of tickets :- 352
Jan 16, 2025 3:41:05 AM TicketPool removeTicket
INFO: TICKET REMOVED :- Ticket [ticketID=149, ticketName=generic ticket, ticketPrice=1000, ticketQuantity=1]. Available number of tickets :- 351
Jan 16, 2025 3:41:05 AM TicketPool removeTicket
INFO: TICKET REMOVED :- Ticket [ticketID=150, ticketName=generic ticket, ticketPrice=1000, ticketQuantity=1]. Available number of tickets :- 350
Jan 16, 2025 3:41:05 AM Customer run
INFO: Customer 1 buy a ticket
Jan 16, 2025 3:41:06 AM TicketPool removeTicket
INFO: TICKET REMOVED :- Ticket [ticketID=151, ticketName=generic ticket, ticketPrice=1000, ticketQuantity=1]. Available number of tickets :- 349
Jan 16, 2025 3:41:06 AM TicketPool removeTicket
INFO: TICKET REMOVED :- Ticket [ticketID=152, ticketName=generic ticket, ticketPrice=1000, ticketQuantity=1]. Available number of tickets :- 348
Jan 16, 2025 3:41:06 AM TicketPool removeTicket
INFO: TICKET REMOVED :- Ticket [ticketID=153, ticketName=generic ticket, ticketPrice=1000, ticketQuantity=1]. Available number of tickets :- 347
Jan 16, 2025 3:41:06 AM TicketPool removeTicket
INFO: TICKET REMOVED :- Ticket [ticketID=154, ticketName=generic ticket, ticketPrice=1000, ticketQuantity=1]. Available number of tickets :- 346
Jan 16, 2025 3:41:06 AM TicketPool removeTicket
INFO: TICKET REMOVED :- Ticket [ticketID=155, ticketName=generic ticket, ticketPrice=1000, ticketQuantity=1]. Available number of tickets :- 345
Jan 16, 2025 3:41:06 AM Customer run
INFO: Customer 3 buy a ticket
Jan 16, 2025 3:41:06 AM TicketPool removeTicket
INFO: TICKET REMOVED :- Ticket [ticketID=156, ticketName=generic ticket, ticketPrice=1000, ticketQuantity=1]. Available number of tickets :- 344
Jan 16, 2025 3:41:06 AM TicketPool removeTicket
INFO: TICKET REMOVED :- Ticket [ticketID=157, ticketName=generic ticket, ticketPrice=1000, ticketQuantity=1]. Available number of tickets :- 343
Jan 16, 2025 3:41:06 AM TicketPool removeTicket
INFO: TICKET REMOVED :- Ticket [ticketID=158, ticketName=generic ticket, ticketPrice=1000, ticketQuantity=1]. Available number of tickets :- 342
Jan 16, 2025 3:41:06 AM TicketPool removeTicket
INFO: TICKET REMOVED :- Ticket [ticketID=159, ticketName=generic ticket, ticketPrice=1000, ticketQuantity=1]. Available number of tickets :- 341
Jan 16, 2025 3:41:06 AM TicketPool removeTicket
INFO: TICKET REMOVED :- Ticket [ticketID=160, ticketName=generic ticket, ticketPrice=1000, ticketQuantity=1]. Available number of tickets :- 340
Jan 16, 2025 3:41:06 AM Customer run
INFO: Customer 2 buy a ticket
Jan 16, 2025 3:41:06 AM TicketPool removeTicket
INFO: TICKET REMOVED :- Ticket [ticketID=161, ticketName=generic ticket, ticketPrice=1000, ticketQuantity=1]. Available number of tickets :- 339
Jan 16, 2025 3:41:06 AM TicketPool removeTicket
INFO: TICKET REMOVED :- Ticket [ticketID=162, ticketName=generic ticket, ticketPrice=1000, ticketQuantity=1]. Available number of tickets :- 338
Jan 16, 2025 3:41:06 AM TicketPool removeTicket
INFO: TICKET REMOVED :- Ticket [ticketID=163, ticketName=generic ticket, ticketPrice=1000, ticketQuantity=1]. Available number of tickets :- 337
Jan 16, 2025 3:41:06 AM TicketPool removeTicket
INFO: TICKET REMOVED :- Ticket [ticketID=164, ticketName=generic ticket, ticketPrice=1000, ticketQuantity=1]. Available number of tickets :- 336
Jan 16, 2025 3:41:06 AM TicketPool removeTicket
INFO: TICKET REMOVED :- Ticket [ticketID=165, ticketName=generic ticket, ticketPrice=1000, ticketQuantity=1]. Available number of tickets :- 335
Jan 16, 2025 3:41:06 AM Customer run
INFO: Customer 1 buy a ticket
Jan 16, 2025 3:41:07 AM TicketPool removeTicket
INFO: TICKET REMOVED :- Ticket [ticketID=166, ticketName=generic ticket, ticketPrice=1000, ticketQuantity=1]. Available number of tickets :- 334
Jan 16, 2025 3:41:07 AM TicketPool removeTicket
INFO: TICKET REMOVED :- Ticket [ticketID=167, ticketName=generic ticket, ticketPrice=1000, ticketQuantity=1]. Available number of tickets :- 333
Jan 16, 2025 3:41:07 AM TicketPool removeTicket
INFO: TICKET REMOVED :- Ticket [ticketID=168, ticketName=generic ticket, ticketPrice=1000, ticketQuantity=1]. Available number of tickets :- 332
Jan 16, 2025 3:41:07 AM TicketPool removeTicket
INFO: TICKET REMOVED :- Ticket [ticketID=169, ticketName=generic ticket, ticketPrice=1000, ticketQuantity=1]. Available number of tickets :- 331
Jan 16, 2025 3:41:07 AM TicketPool removeTicket
INFO: TICKET REMOVED :- Ticket [ticketID=170, ticketName=generic ticket, ticketPrice=1000, ticketQuantity=1]. Available number of tickets :- 330
Jan 16, 2025 3:41:07 AM Customer run
INFO: Customer 2 buy a ticket
Jan 16, 2025 3:41:07 AM TicketPool removeTicket
INFO: TICKET REMOVED :- Ticket [ticketID=171, ticketName=generic ticket, ticketPrice=1000, ticketQuantity=1]. Available number of tickets :- 329
Jan 16, 2025 3:41:07 AM TicketPool removeTicket
INFO: TICKET REMOVED :- Ticket [ticketID=172, ticketName=generic ticket, ticketPrice=1000, ticketQuantity=1]. Available number of tickets :- 328
Jan 16, 2025 3:41:07 AM TicketPool removeTicket
INFO: TICKET REMOVED :- Ticket [ticketID=173, ticketName=generic ticket, ticketPrice=1000, ticketQuantity=1]. Available number of tickets :- 327
Jan 16, 2025 3:41:07 AM TicketPool removeTicket
INFO: TICKET REMOVED :- Ticket [ticketID=174, ticketName=generic ticket, ticketPrice=1000, ticketQuantity=1]. Available number of tickets :- 326
Jan 16, 2025 3:41:07 AM TicketPool removeTicket
INFO: TICKET REMOVED :- Ticket [ticketID=175, ticketName=generic ticket, ticketPrice=1000, ticketQuantity=1]. Available number of tickets :- 325
Jan 16, 2025 3:41:07 AM Customer run
INFO: Customer 3 buy a ticket
Jan 16, 2025 3:41:07 AM TicketPool removeTicket
INFO: TICKET REMOVED :- Ticket [ticketID=176, ticketName=generic ticket, ticketPrice=1000, ticketQuantity=1]. Available number of tickets :- 324
Jan 16, 2025 3:41:07 AM TicketPool removeTicket
INFO: TICKET REMOVED :- Ticket [ticketID=177, ticketName=generic ticket, ticketPrice=1000, ticketQuantity=1]. Available number of tickets :- 323
Jan 16, 2025 3:41:07 AM TicketPool removeTicket
INFO: TICKET REMOVED :- Ticket [ticketID=178, ticketName=generic ticket, ticketPrice=1000, ticketQuantity=1]. Available number of tickets :- 322
Jan 16, 2025 3:41:07 AM TicketPool removeTicket
INFO: TICKET REMOVED :- Ticket [ticketID=179, ticketName=generic ticket, ticketPrice=1000, ticketQuantity=1]. Available number of tickets :- 321
Jan 16, 2025 3:41:07 AM TicketPool removeTicket
INFO: TICKET REMOVED :- Ticket [ticketID=180, ticketName=generic ticket, ticketPrice=1000, ticketQuantity=1]. Available number of tickets :- 320
Jan 16, 2025 3:41:07 AM Customer run
INFO: Customer 1 buy a ticket
Jan 16, 2025 3:41:08 AM TicketPool removeTicket
INFO: TICKET REMOVED :- Ticket [ticketID=181, ticketName=generic ticket, ticketPrice=1000, ticketQuantity=1]. Available number of tickets :- 319
Jan 16, 2025 3:41:08 AM TicketPool removeTicket
INFO: TICKET REMOVED :- Ticket [ticketID=182, ticketName=generic ticket, ticketPrice=1000, ticketQuantity=1]. Available number of tickets :- 318
Jan 16, 2025 3:41:08 AM TicketPool removeTicket
INFO: TICKET REMOVED :- Ticket [ticketID=183, ticketName=generic ticket, ticketPrice=1000, ticketQuantity=1]. Available number of tickets :- 317
Jan 16, 2025 3:41:08 AM TicketPool removeTicket
INFO: TICKET REMOVED :- Ticket [ticketID=184, ticketName=generic ticket, ticketPrice=1000, ticketQuantity=1]. Available number of tickets :- 316
Jan 16, 2025 3:41:08 AM TicketPool removeTicket
INFO: TICKET REMOVED :- Ticket [ticketID=185, ticketName=generic ticket, ticketPrice=1000, ticketQuantity=1]. Available number of tickets :- 315
Jan 16, 2025 3:41:08 AM TicketPool removeTicket
INFO: TICKET REMOVED :- Ticket [ticketID=186, ticketName=generic ticket, ticketPrice=1000, ticketQuantity=1]. Available number of tickets :- 314
Jan 16, 2025 3:41:08 AM Customer run
INFO: Customer 3 buy a ticket
Jan 16, 2025 3:41:08 AM TicketPool removeTicket
INFO: TICKET REMOVED :- Ticket [ticketID=187, ticketName=generic ticket, ticketPrice=1000, ticketQuantity=1]. Available number of tickets :- 313
Jan 16, 2025 3:41:08 AM TicketPool removeTicket
INFO: TICKET REMOVED :- Ticket [ticketID=188, ticketName=generic ticket, ticketPrice=1000, ticketQuantity=1]. Available number of tickets :- 312
Jan 16, 2025 3:41:08 AM TicketPool removeTicket
INFO: TICKET REMOVED :- Ticket [ticketID=189, ticketName=generic ticket, ticketPrice=1000, ticketQuantity=1]. Available number of tickets :- 311
Jan 16, 2025 3:41:08 AM TicketPool removeTicket
INFO: TICKET REMOVED :- Ticket [ticketID=190, ticketName=generic ticket, ticketPrice=1000, ticketQuantity=1]. Available number of tickets :- 310
Jan 16, 2025 3:41:08 AM Customer run
INFO: Customer 2 buy a ticket
Jan 16, 2025 3:41:08 AM TicketPool removeTicket
INFO: TICKET REMOVED :- Ticket [ticketID=191, ticketName=generic ticket, ticketPrice=1000, ticketQuantity=1]. Available number of tickets :- 309
Jan 16, 2025 3:41:08 AM TicketPool removeTicket
INFO: TICKET REMOVED :- Ticket [ticketID=192, ticketName=generic ticket, ticketPrice=1000, ticketQuantity=1]. Available number of tickets :- 308
Jan 16, 2025 3:41:08 AM TicketPool removeTicket
INFO: TICKET REMOVED :- Ticket [ticketID=193, ticketName=generic ticket, ticketPrice=1000, ticketQuantity=1]. Available number of tickets :- 307
Jan 16, 2025 3:41:08 AM TicketPool removeTicket
INFO: TICKET REMOVED :- Ticket [ticketID=194, ticketName=generic ticket, ticketPrice=1000, ticketQuantity=1]. Available number of tickets :- 306
Jan 16, 2025 3:41:08 AM TicketPool removeTicket
INFO: TICKET REMOVED :- Ticket [ticketID=195, ticketName=generic ticket, ticketPrice=1000, ticketQuantity=1]. Available number of tickets :- 305
Jan 16, 2025 3:41:08 AM Customer run
INFO: Customer 1 buy a ticket
Jan 16, 2025 3:41:09 AM TicketPool removeTicket
INFO: TICKET REMOVED :- Ticket [ticketID=196, ticketName=generic ticket, ticketPrice=1000, ticketQuantity=1]. Available number of tickets :- 304
Jan 16, 2025 3:41:09 AM TicketPool removeTicket
INFO: TICKET REMOVED :- Ticket [ticketID=197, ticketName=generic ticket, ticketPrice=1000, ticketQuantity=1]. Available number of tickets :- 303
Jan 16, 2025 3:41:09 AM TicketPool removeTicket
INFO: TICKET REMOVED :- Ticket [ticketID=198, ticketName=generic ticket, ticketPrice=1000, ticketQuantity=1]. Available number of tickets :- 302
Jan 16, 2025 3:41:09 AM TicketPool removeTicket
INFO: TICKET REMOVED :- Ticket [ticketID=199, ticketName=generic ticket, ticketPrice=1000, ticketQuantity=1]. Available number of tickets :- 301
Jan 16, 2025 3:41:09 AM TicketPool removeTicket
INFO: TICKET REMOVED :- Ticket [ticketID=200, ticketName=generic ticket, ticketPrice=1000, ticketQuantity=1]. Available number of tickets :- 300
Jan 16, 2025 3:41:09 AM Customer run
INFO: Customer 3 buy a ticket
Jan 16, 2025 3:41:09 AM TicketPool removeTicket
INFO: TICKET REMOVED :- Ticket [ticketID=201, ticketName=generic ticket, ticketPrice=1000, ticketQuantity=1]. Available number of tickets :- 299
Jan 16, 2025 3:41:09 AM TicketPool removeTicket
INFO: TICKET REMOVED :- Ticket [ticketID=202, ticketName=generic ticket, ticketPrice=1000, ticketQuantity=1]. Available number of tickets :- 298
Jan 16, 2025 3:41:09 AM TicketPool removeTicket
INFO: TICKET REMOVED :- Ticket [ticketID=203, ticketName=generic ticket, ticketPrice=1000, ticketQuantity=1]. Available number of tickets :- 297
Jan 16, 2025 3:41:09 AM TicketPool removeTicket
INFO: TICKET REMOVED :- Ticket [ticketID=204, ticketName=generic ticket, ticketPrice=1000, ticketQuantity=1]. Available number of tickets :- 296
Jan 16, 2025 3:41:09 AM TicketPool removeTicket
INFO: TICKET REMOVED :- Ticket [ticketID=205, ticketName=generic ticket, ticketPrice=1000, ticketQuantity=1]. Available number of tickets :- 295
Jan 16, 2025 3:41:09 AM Customer run
INFO: Customer 2 buy a ticket
Jan 16, 2025 3:41:09 AM TicketPool removeTicket
INFO: TICKET REMOVED :- Ticket [ticketID=206, ticketName=generic ticket, ticketPrice=1000, ticketQuantity=1]. Available number of tickets :- 294
Jan 16, 2025 3:41:09 AM TicketPool removeTicket
INFO: TICKET REMOVED :- Ticket [ticketID=207, ticketName=generic ticket, ticketPrice=1000, ticketQuantity=1]. Available number of tickets :- 293
Jan 16, 2025 3:41:09 AM TicketPool removeTicket
INFO: TICKET REMOVED :- Ticket [ticketID=208, ticketName=generic ticket, ticketPrice=1000, ticketQuantity=1]. Available number of tickets :- 292
Jan 16, 2025 3:41:09 AM TicketPool removeTicket
INFO: TICKET REMOVED :- Ticket [ticketID=209, ticketName=generic ticket, ticketPrice=1000, ticketQuantity=1]. Available number of tickets :- 291
Jan 16, 2025 3:41:09 AM TicketPool removeTicket
INFO: TICKET REMOVED :- Ticket [ticketID=210, ticketName=generic ticket, ticketPrice=1000, ticketQuantity=1]. Available number of tickets :- 290
Jan 16, 2025 3:41:09 AM Customer run
INFO: Customer 1 buy a ticket
Jan 16, 2025 3:41:10 AM TicketPool removeTicket
INFO: TICKET REMOVED :- Ticket [ticketID=211, ticketName=generic ticket, ticketPrice=1000, ticketQuantity=1]. Available number of tickets :- 289
Jan 16, 2025 3:41:10 AM TicketPool removeTicket
INFO: TICKET REMOVED :- Ticket [ticketID=212, ticketName=generic ticket, ticketPrice=1000, ticketQuantity=1]. Available number of tickets :- 288
Jan 16, 2025 3:41:10 AM TicketPool removeTicket
INFO: TICKET REMOVED :- Ticket [ticketID=213, ticketName=generic ticket, ticketPrice=1000, ticketQuantity=1]. Available number of tickets :- 287
Jan 16, 2025 3:41:10 AM TicketPool removeTicket
INFO: TICKET REMOVED :- Ticket [ticketID=214, ticketName=generic ticket, ticketPrice=1000, ticketQuantity=1]. Available number of tickets :- 286
Jan 16, 2025 3:41:10 AM TicketPool removeTicket
INFO: TICKET REMOVED :- Ticket [ticketID=215, ticketName=generic ticket, ticketPrice=1000, ticketQuantity=1]. Available number of tickets :- 285
Jan 16, 2025 3:41:10 AM Customer run
INFO: Customer 3 buy a ticket
Jan 16, 2025 3:41:10 AM TicketPool removeTicket
INFO: TICKET REMOVED :- Ticket [ticketID=216, ticketName=generic ticket, ticketPrice=1000, ticketQuantity=1]. Available number of tickets :- 284
Jan 16, 2025 3:41:10 AM TicketPool removeTicket
INFO: TICKET REMOVED :- Ticket [ticketID=217, ticketName=generic ticket, ticketPrice=1000, ticketQuantity=1]. Available number of tickets :- 283
Jan 16, 2025 3:41:10 AM TicketPool removeTicket
INFO: TICKET REMOVED :- Ticket [ticketID=218, ticketName=generic ticket, ticketPrice=1000, ticketQuantity=1]. Available number of tickets :- 282
Jan 16, 2025 3:41:10 AM TicketPool removeTicket
INFO: TICKET REMOVED :- Ticket [ticketID=219, ticketName=generic ticket, ticketPrice=1000, ticketQuantity=1]. Available number of tickets :- 281
Jan 16, 2025 3:41:10 AM TicketPool removeTicket
INFO: TICKET REMOVED :- Ticket [ticketID=220, ticketName=generic ticket, ticketPrice=1000, ticketQuantity=1]. Available number of tickets :- 280
Jan 16, 2025 3:41:10 AM Customer run
INFO: Customer 2 buy a ticket
Jan 16, 2025 3:41:10 AM TicketPool removeTicket
INFO: TICKET REMOVED :- Ticket [ticketID=221, ticketName=generic ticket, ticketPrice=1000, ticketQuantity=1]. Available number of tickets :- 279
Jan 16, 2025 3:41:10 AM TicketPool removeTicket
INFO: TICKET REMOVED :- Ticket [ticketID=222, ticketName=generic ticket, ticketPrice=1000, ticketQuantity=1]. Available number of tickets :- 278
Jan 16, 2025 3:41:10 AM TicketPool removeTicket
INFO: TICKET REMOVED :- Ticket [ticketID=223, ticketName=generic ticket, ticketPrice=1000, ticketQuantity=1]. Available number of tickets :- 277
Jan 16, 2025 3:41:10 AM TicketPool removeTicket
INFO: TICKET REMOVED :- Ticket [ticketID=224, ticketName=generic ticket, ticketPrice=1000, ticketQuantity=1]. Available number of tickets :- 276
Jan 16, 2025 3:41:10 AM TicketPool removeTicket
INFO: TICKET REMOVED :- Ticket [ticketID=225, ticketName=generic ticket, ticketPrice=1000, ticketQuantity=1]. Available number of tickets :- 275
Jan 16, 2025 3:41:10 AM Customer run
INFO: Customer 1 buy a ticket
Jan 16, 2025 3:41:11 AM TicketPool removeTicket
INFO: TICKET REMOVED :- Ticket [ticketID=226, ticketName=generic ticket, ticketPrice=1000, ticketQuantity=1]. Available number of tickets :- 274
Jan 16, 2025 3:41:11 AM TicketPool removeTicket
INFO: TICKET REMOVED :- Ticket [ticketID=227, ticketName=generic ticket, ticketPrice=1000, ticketQuantity=1]. Available number of tickets :- 273
Jan 16, 2025 3:41:11 AM TicketPool removeTicket
INFO: TICKET REMOVED :- Ticket [ticketID=228, ticketName=generic ticket, ticketPrice=1000, ticketQuantity=1]. Available number of tickets :- 272
Jan 16, 2025 3:41:11 AM TicketPool removeTicket
INFO: TICKET REMOVED :- Ticket [ticketID=229, ticketName=generic ticket, ticketPrice=1000, ticketQuantity=1]. Available number of tickets :- 271
Jan 16, 2025 3:41:11 AM TicketPool removeTicket
INFO: TICKET REMOVED :- Ticket [ticketID=230, ticketName=generic ticket, ticketPrice=1000, ticketQuantity=1]. Available number of tickets :- 270
Jan 16, 2025 3:41:11 AM Customer run
INFO: Customer 3 buy a ticket
Jan 16, 2025 3:41:11 AM TicketPool removeTicket
INFO: TICKET REMOVED :- Ticket [ticketID=231, ticketName=generic ticket, ticketPrice=1000, ticketQuantity=1]. Available number of tickets :- 269
Jan 16, 2025 3:41:11 AM TicketPool removeTicket
INFO: TICKET REMOVED :- Ticket [ticketID=232, ticketName=generic ticket, ticketPrice=1000, ticketQuantity=1]. Available number of tickets :- 268
Jan 16, 2025 3:41:11 AM TicketPool removeTicket
INFO: TICKET REMOVED :- Ticket [ticketID=233, ticketName=generic ticket, ticketPrice=1000, ticketQuantity=1]. Available number of tickets :- 267
Jan 16, 2025 3:41:11 AM TicketPool removeTicket
INFO: TICKET REMOVED :- Ticket [ticketID=234, ticketName=generic ticket, ticketPrice=1000, ticketQuantity=1]. Available number of tickets :- 266
Jan 16, 2025 3:41:11 AM TicketPool removeTicket
INFO: TICKET REMOVED :- Ticket [ticketID=235, ticketName=generic ticket, ticketPrice=1000, ticketQuantity=1]. Available number of tickets :- 265
Jan 16, 2025 3:41:11 AM Customer run
INFO: Customer 2 buy a ticket
Jan 16, 2025 3:41:11 AM TicketPool removeTicket
INFO: TICKET REMOVED :- Ticket [ticketID=236, ticketName=generic ticket, ticketPrice=1000, ticketQuantity=1]. Available number of tickets :- 264
Jan 16, 2025 3:41:11 AM TicketPool removeTicket
INFO: TICKET REMOVED :- Ticket [ticketID=237, ticketName=generic ticket, ticketPrice=1000, ticketQuantity=1]. Available number of tickets :- 263
Jan 16, 2025 3:41:11 AM TicketPool removeTicket
INFO: TICKET REMOVED :- Ticket [ticketID=238, ticketName=generic ticket, ticketPrice=1000, ticketQuantity=1]. Available number of tickets :- 262
Jan 16, 2025 3:41:11 AM TicketPool removeTicket
INFO: TICKET REMOVED :- Ticket [ticketID=239, ticketName=generic ticket, ticketPrice=1000, ticketQuantity=1]. Available number of tickets :- 261
Jan 16, 2025 3:41:11 AM TicketPool removeTicket
INFO: TICKET REMOVED :- Ticket [ticketID=240, ticketName=generic ticket, ticketPrice=1000, ticketQuantity=1]. Available number of tickets :- 260
Jan 16, 2025 3:41:11 AM Customer run
INFO: Customer 1 buy a ticket
Jan 16, 2025 3:41:12 AM TicketPool removeTicket
INFO: TICKET REMOVED :- Ticket [ticketID=241, ticketName=generic ticket, ticketPrice=1000, ticketQuantity=1]. Available number of tickets :- 259
Jan 16, 2025 3:41:12 AM TicketPool removeTicket
INFO: TICKET REMOVED :- Ticket [ticketID=242, ticketName=generic ticket, ticketPrice=1000, ticketQuantity=1]. Available number of tickets :- 258
Jan 16, 2025 3:41:12 AM TicketPool removeTicket
INFO: TICKET REMOVED :- Ticket [ticketID=243, ticketName=generic ticket, ticketPrice=1000, ticketQuantity=1]. Available number of tickets :- 257
Jan 16, 2025 3:41:12 AM TicketPool removeTicket
INFO: TICKET REMOVED :- Ticket [ticketID=244, ticketName=generic ticket, ticketPrice=1000, ticketQuantity=1]. Available number of tickets :- 256
Jan 16, 2025 3:41:12 AM TicketPool removeTicket
INFO: TICKET REMOVED :- Ticket [ticketID=245, ticketName=generic ticket, ticketPrice=1000, ticketQuantity=1]. Available number of tickets :- 255
Jan 16, 2025 3:41:12 AM Customer run
INFO: Customer 3 buy a ticket
Jan 16, 2025 3:41:12 AM TicketPool removeTicket
INFO: TICKET REMOVED :- Ticket [ticketID=246, ticketName=generic ticket, ticketPrice=1000, ticketQuantity=1]. Available number of tickets :- 254
Jan 16, 2025 3:41:12 AM TicketPool removeTicket
INFO: TICKET REMOVED :- Ticket [ticketID=247, ticketName=generic ticket, ticketPrice=1000, ticketQuantity=1]. Available number of tickets :- 253
Jan 16, 2025 3:41:12 AM TicketPool removeTicket
INFO: TICKET REMOVED :- Ticket [ticketID=248, ticketName=generic ticket, ticketPrice=1000, ticketQuantity=1]. Available number of tickets :- 252
Jan 16, 2025 3:41:12 AM TicketPool removeTicket
INFO: TICKET REMOVED :- Ticket [ticketID=249, ticketName=generic ticket, ticketPrice=1000, ticketQuantity=1]. Available number of tickets :- 251
Jan 16, 2025 3:41:12 AM TicketPool removeTicket
INFO: TICKET REMOVED :- Ticket [ticketID=250, ticketName=generic ticket, ticketPrice=1000, ticketQuantity=1]. Available number of tickets :- 250
Jan 16, 2025 3:41:12 AM Customer run
INFO: Customer 2 buy a ticket
Jan 16, 2025 3:41:12 AM TicketPool removeTicket
INFO: TICKET REMOVED :- Ticket [ticketID=251, ticketName=generic ticket, ticketPrice=1000, ticketQuantity=1]. Available number of tickets :- 249
Jan 16, 2025 3:41:12 AM TicketPool removeTicket
INFO: TICKET REMOVED :- Ticket [ticketID=252, ticketName=generic ticket, ticketPrice=1000, ticketQuantity=1]. Available number of tickets :- 248
Jan 16, 2025 3:41:12 AM TicketPool removeTicket
INFO: TICKET REMOVED :- Ticket [ticketID=253, ticketName=generic ticket, ticketPrice=1000, ticketQuantity=1]. Available number of tickets :- 247
Jan 16, 2025 3:41:12 AM TicketPool removeTicket
INFO: TICKET REMOVED :- Ticket [ticketID=254, ticketName=generic ticket, ticketPrice=1000, ticketQuantity=1]. Available number of tickets :- 246
Jan 16, 2025 3:41:12 AM TicketPool removeTicket
INFO: TICKET REMOVED :- Ticket [ticketID=255, ticketName=generic ticket, ticketPrice=1000, ticketQuantity=1]. Available number of tickets :- 245
Jan 16, 2025 3:41:12 AM Customer run
INFO: Customer 1 buy a ticket
Jan 16, 2025 3:41:13 AM TicketPool removeTicket
INFO: TICKET REMOVED :- Ticket [ticketID=256, ticketName=generic ticket, ticketPrice=1000, ticketQuantity=1]. Available number of tickets :- 244
Jan 16, 2025 3:41:13 AM TicketPool removeTicket
INFO: TICKET REMOVED :- Ticket [ticketID=257, ticketName=generic ticket, ticketPrice=1000, ticketQuantity=1]. Available number of tickets :- 243
Jan 16, 2025 3:41:13 AM TicketPool removeTicket
INFO: TICKET REMOVED :- Ticket [ticketID=258, ticketName=generic ticket, ticketPrice=1000, ticketQuantity=1]. Available number of tickets :- 242
Jan 16, 2025 3:41:13 AM TicketPool removeTicket
INFO: TICKET REMOVED :- Ticket [ticketID=259, ticketName=generic ticket, ticketPrice=1000, ticketQuantity=1]. Available number of tickets :- 241
Jan 16, 2025 3:41:13 AM TicketPool removeTicket
INFO: TICKET REMOVED :- Ticket [ticketID=260, ticketName=generic ticket, ticketPrice=1000, ticketQuantity=1]. Available number of tickets :- 240
Jan 16, 2025 3:41:13 AM Customer run
INFO: Customer 3 buy a ticket
Jan 16, 2025 3:41:13 AM TicketPool removeTicket
INFO: TICKET REMOVED :- Ticket [ticketID=261, ticketName=generic ticket, ticketPrice=1000, ticketQuantity=1]. Available number of tickets :- 239
Jan 16, 2025 3:41:13 AM TicketPool removeTicket
INFO: TICKET REMOVED :- Ticket [ticketID=262, ticketName=generic ticket, ticketPrice=1000, ticketQuantity=1]. Available number of tickets :- 238
Jan 16, 2025 3:41:13 AM TicketPool removeTicket
INFO: TICKET REMOVED :- Ticket [ticketID=263, ticketName=generic ticket, ticketPrice=1000, ticketQuantity=1]. Available number of tickets :- 237
Jan 16, 2025 3:41:13 AM TicketPool removeTicket
INFO: TICKET REMOVED :- Ticket [ticketID=264, ticketName=generic ticket, ticketPrice=1000, ticketQuantity=1]. Available number of tickets :- 236
Jan 16, 2025 3:41:13 AM TicketPool removeTicket
INFO: TICKET REMOVED :- Ticket [ticketID=265, ticketName=generic ticket, ticketPrice=1000, ticketQuantity=1]. Available number of tickets :- 235
Jan 16, 2025 3:41:13 AM Customer run
INFO: Customer 2 buy a ticket
Jan 16, 2025 3:41:13 AM TicketPool removeTicket
INFO: TICKET REMOVED :- Ticket [ticketID=266, ticketName=generic ticket, ticketPrice=1000, ticketQuantity=1]. Available number of tickets :- 234
Jan 16, 2025 3:41:13 AM TicketPool removeTicket
INFO: TICKET REMOVED :- Ticket [ticketID=267, ticketName=generic ticket, ticketPrice=1000, ticketQuantity=1]. Available number of tickets :- 233
Jan 16, 2025 3:41:13 AM TicketPool removeTicket
INFO: TICKET REMOVED :- Ticket [ticketID=268, ticketName=generic ticket, ticketPrice=1000, ticketQuantity=1]. Available number of tickets :- 232
Jan 16, 2025 3:41:13 AM TicketPool removeTicket
INFO: TICKET REMOVED :- Ticket [ticketID=269, ticketName=generic ticket, ticketPrice=1000, ticketQuantity=1]. Available number of tickets :- 231
Jan 16, 2025 3:41:13 AM TicketPool removeTicket
INFO: TICKET REMOVED :- Ticket [ticketID=270, ticketName=generic ticket, ticketPrice=1000, ticketQuantity=1]. Available number of tickets :- 230
Jan 16, 2025 3:41:13 AM Customer run
INFO: Customer 1 buy a ticket
Jan 16, 2025 3:41:14 AM TicketPool removeTicket
INFO: TICKET REMOVED :- Ticket [ticketID=271, ticketName=generic ticket, ticketPrice=1000, ticketQuantity=1]. Available number of tickets :- 229
Jan 16, 2025 3:41:14 AM TicketPool removeTicket
INFO: TICKET REMOVED :- Ticket [ticketID=272, ticketName=generic ticket, ticketPrice=1000, ticketQuantity=1]. Available number of tickets :- 228
Jan 16, 2025 3:41:14 AM TicketPool removeTicket
INFO: TICKET REMOVED :- Ticket [ticketID=273, ticketName=generic ticket, ticketPrice=1000, ticketQuantity=1]. Available number of tickets :- 227
Jan 16, 2025 3:41:14 AM TicketPool removeTicket
INFO: TICKET REMOVED :- Ticket [ticketID=274, ticketName=generic ticket, ticketPrice=1000, ticketQuantity=1]. Available number of tickets :- 226
Jan 16, 2025 3:41:14 AM TicketPool removeTicket
INFO: TICKET REMOVED :- Ticket [ticketID=275, ticketName=generic ticket, ticketPrice=1000, ticketQuantity=1]. Available number of tickets :- 225
Jan 16, 2025 3:41:14 AM Customer run
INFO: Customer 3 buy a ticket
Jan 16, 2025 3:41:14 AM TicketPool removeTicket
INFO: TICKET REMOVED :- Ticket [ticketID=276, ticketName=generic ticket, ticketPrice=1000, ticketQuantity=1]. Available number of tickets :- 224
Jan 16, 2025 3:41:14 AM TicketPool removeTicket
INFO: TICKET REMOVED :- Ticket [ticketID=277, ticketName=generic ticket, ticketPrice=1000, ticketQuantity=1]. Available number of tickets :- 223
Jan 16, 2025 3:41:14 AM TicketPool removeTicket
INFO: TICKET REMOVED :- Ticket [ticketID=278, ticketName=generic ticket, ticketPrice=1000, ticketQuantity=1]. Available number of tickets :- 222
Jan 16, 2025 3:41:14 AM TicketPool removeTicket
INFO: TICKET REMOVED :- Ticket [ticketID=279, ticketName=generic ticket, ticketPrice=1000, ticketQuantity=1]. Available number of tickets :- 221
Jan 16, 2025 3:41:14 AM TicketPool removeTicket
INFO: TICKET REMOVED :- Ticket [ticketID=280, ticketName=generic ticket, ticketPrice=1000, ticketQuantity=1]. Available number of tickets :- 220
Jan 16, 2025 3:41:14 AM Customer run
INFO: Customer 2 buy a ticket
Jan 16, 2025 3:41:14 AM TicketPool removeTicket
INFO: TICKET REMOVED :- Ticket [ticketID=281, ticketName=generic ticket, ticketPrice=1000, ticketQuantity=1]. Available number of tickets :- 219
Jan 16, 2025 3:41:14 AM TicketPool removeTicket
INFO: TICKET REMOVED :- Ticket [ticketID=282, ticketName=generic ticket, ticketPrice=1000, ticketQuantity=1]. Available number of tickets :- 218
Jan 16, 2025 3:41:14 AM TicketPool removeTicket
INFO: TICKET REMOVED :- Ticket [ticketID=283, ticketName=generic ticket, ticketPrice=1000, ticketQuantity=1]. Available number of tickets :- 217
Jan 16, 2025 3:41:14 AM TicketPool removeTicket
INFO: TICKET REMOVED :- Ticket [ticketID=284, ticketName=generic ticket, ticketPrice=1000, ticketQuantity=1]. Available number of tickets :- 216
Jan 16, 2025 3:41:14 AM TicketPool removeTicket
INFO: TICKET REMOVED :- Ticket [ticketID=285, ticketName=generic ticket, ticketPrice=1000, ticketQuantity=1]. Available number of tickets :- 215
Jan 16, 2025 3:41:14 AM Customer run
INFO: Customer 1 buy a ticket
Jan 16, 2025 3:41:15 AM TicketPool removeTicket
INFO: TICKET REMOVED :- Ticket [ticketID=286, ticketName=generic ticket, ticketPrice=1000, ticketQuantity=1]. Available number of tickets :- 214
Jan 16, 2025 3:41:15 AM TicketPool removeTicket
INFO: TICKET REMOVED :- Ticket [ticketID=287, ticketName=generic ticket, ticketPrice=1000, ticketQuantity=1]. Available number of tickets :- 213
Jan 16, 2025 3:41:15 AM TicketPool removeTicket
INFO: TICKET REMOVED :- Ticket [ticketID=288, ticketName=generic ticket, ticketPrice=1000, ticketQuantity=1]. Available number of tickets :- 212
Jan 16, 2025 3:41:15 AM TicketPool removeTicket
INFO: TICKET REMOVED :- Ticket [ticketID=289, ticketName=generic ticket, ticketPrice=1000, ticketQuantity=1]. Available number of tickets :- 211
Jan 16, 2025 3:41:15 AM TicketPool removeTicket
INFO: TICKET REMOVED :- Ticket [ticketID=290, ticketName=generic ticket, ticketPrice=1000, ticketQuantity=1]. Available number of tickets :- 210
Jan 16, 2025 3:41:15 AM Customer run
INFO: Customer 3 buy a ticket
Jan 16, 2025 3:41:15 AM TicketPool removeTicket
INFO: TICKET REMOVED :- Ticket [ticketID=291, ticketName=generic ticket, ticketPrice=1000, ticketQuantity=1]. Available number of tickets :- 209
Jan 16, 2025 3:41:15 AM TicketPool removeTicket
INFO: TICKET REMOVED :- Ticket [ticketID=292, ticketName=generic ticket, ticketPrice=1000, ticketQuantity=1]. Available number of tickets :- 208
Jan 16, 2025 3:41:15 AM TicketPool removeTicket
INFO: TICKET REMOVED :- Ticket [ticketID=293, ticketName=generic ticket, ticketPrice=1000, ticketQuantity=1]. Available number of tickets :- 207
Jan 16, 2025 3:41:15 AM TicketPool removeTicket
INFO: TICKET REMOVED :- Ticket [ticketID=294, ticketName=generic ticket, ticketPrice=1000, ticketQuantity=1]. Available number of tickets :- 206
Jan 16, 2025 3:41:15 AM TicketPool removeTicket
INFO: TICKET REMOVED :- Ticket [ticketID=295, ticketName=generic ticket, ticketPrice=1000, ticketQuantity=1]. Available number of tickets :- 205
Jan 16, 2025 3:41:15 AM Customer run
INFO: Customer 2 buy a ticket
Jan 16, 2025 3:41:15 AM TicketPool removeTicket
INFO: TICKET REMOVED :- Ticket [ticketID=296, ticketName=generic ticket, ticketPrice=1000, ticketQuantity=1]. Available number of tickets :- 204
Jan 16, 2025 3:41:15 AM TicketPool removeTicket
INFO: TICKET REMOVED :- Ticket [ticketID=297, ticketName=generic ticket, ticketPrice=1000, ticketQuantity=1]. Available number of tickets :- 203
Jan 16, 2025 3:41:15 AM TicketPool removeTicket
INFO: TICKET REMOVED :- Ticket [ticketID=298, ticketName=generic ticket, ticketPrice=1000, ticketQuantity=1]. Available number of tickets :- 202
Jan 16, 2025 3:41:15 AM TicketPool removeTicket
INFO: TICKET REMOVED :- Ticket [ticketID=299, ticketName=generic ticket, ticketPrice=1000, ticketQuantity=1]. Available number of tickets :- 201
Jan 16, 2025 3:41:15 AM TicketPool removeTicket
INFO: TICKET REMOVED :- Ticket [ticketID=300, ticketName=generic ticket, ticketPrice=1000, ticketQuantity=1]. Available number of tickets :- 200
Jan 16, 2025 3:41:15 AM Customer run
INFO: Customer 1 buy a ticket
Jan 16, 2025 3:41:16 AM TicketPool removeTicket
INFO: TICKET REMOVED :- Ticket [ticketID=301, ticketName=generic ticket, ticketPrice=1000, ticketQuantity=1]. Available number of tickets :- 199
Jan 16, 2025 3:41:16 AM TicketPool removeTicket
INFO: TICKET REMOVED :- Ticket [ticketID=302, ticketName=generic ticket, ticketPrice=1000, ticketQuantity=1]. Available number of tickets :- 198
Jan 16, 2025 3:41:16 AM TicketPool removeTicket
INFO: TICKET REMOVED :- Ticket [ticketID=303, ticketName=generic ticket, ticketPrice=1000, ticketQuantity=1]. Available number of tickets :- 197
Jan 16, 2025 3:41:16 AM TicketPool removeTicket
INFO: TICKET REMOVED :- Ticket [ticketID=304, ticketName=generic ticket, ticketPrice=1000, ticketQuantity=1]. Available number of tickets :- 196
Jan 16, 2025 3:41:16 AM TicketPool removeTicket
INFO: TICKET REMOVED :- Ticket [ticketID=305, ticketName=generic ticket, ticketPrice=1000, ticketQuantity=1]. Available number of tickets :- 195
Jan 16, 2025 3:41:16 AM Customer run
INFO: Customer 3 buy a ticket
Jan 16, 2025 3:41:16 AM TicketPool removeTicket
INFO: TICKET REMOVED :- Ticket [ticketID=306, ticketName=generic ticket, ticketPrice=1000, ticketQuantity=1]. Available number of tickets :- 194
Jan 16, 2025 3:41:16 AM TicketPool removeTicket
INFO: TICKET REMOVED :- Ticket [ticketID=307, ticketName=generic ticket, ticketPrice=1000, ticketQuantity=1]. Available number of tickets :- 193
Jan 16, 2025 3:41:16 AM TicketPool removeTicket
INFO: TICKET REMOVED :- Ticket [ticketID=308, ticketName=generic ticket, ticketPrice=1000, ticketQuantity=1]. Available number of tickets :- 192
Jan 16, 2025 3:41:16 AM TicketPool removeTicket
INFO: TICKET REMOVED :- Ticket [ticketID=309, ticketName=generic ticket, ticketPrice=1000, ticketQuantity=1]. Available number of tickets :- 191
Jan 16, 2025 3:41:16 AM TicketPool removeTicket
INFO: TICKET REMOVED :- Ticket [ticketID=310, ticketName=generic ticket, ticketPrice=1000, ticketQuantity=1]. Available number of tickets :- 190
Jan 16, 2025 3:41:16 AM Customer run
INFO: Customer 2 buy a ticket
Jan 16, 2025 3:41:16 AM TicketPool removeTicket
INFO: TICKET REMOVED :- Ticket [ticketID=311, ticketName=generic ticket, ticketPrice=1000, ticketQuantity=1]. Available number of tickets :- 189
Jan 16, 2025 3:41:16 AM TicketPool removeTicket
INFO: TICKET REMOVED :- Ticket [ticketID=312, ticketName=generic ticket, ticketPrice=1000, ticketQuantity=1]. Available number of tickets :- 188
Jan 16, 2025 3:41:16 AM TicketPool removeTicket
INFO: TICKET REMOVED :- Ticket [ticketID=313, ticketName=generic ticket, ticketPrice=1000, ticketQuantity=1]. Available number of tickets :- 187
Jan 16, 2025 3:41:16 AM TicketPool removeTicket
INFO: TICKET REMOVED :- Ticket [ticketID=314, ticketName=generic ticket, ticketPrice=1000, ticketQuantity=1]. Available number of tickets :- 186
Jan 16, 2025 3:41:16 AM TicketPool removeTicket
INFO: TICKET REMOVED :- Ticket [ticketID=315, ticketName=generic ticket, ticketPrice=1000, ticketQuantity=1]. Available number of tickets :- 185
Jan 16, 2025 3:41:16 AM Customer run
INFO: Customer 1 buy a ticket
Jan 16, 2025 3:41:17 AM TicketPool removeTicket
INFO: TICKET REMOVED :- Ticket [ticketID=316, ticketName=generic ticket, ticketPrice=1000, ticketQuantity=1]. Available number of tickets :- 184
Jan 16, 2025 3:41:17 AM TicketPool removeTicket
INFO: TICKET REMOVED :- Ticket [ticketID=317, ticketName=generic ticket, ticketPrice=1000, ticketQuantity=1]. Available number of tickets :- 183
Jan 16, 2025 3:41:17 AM TicketPool removeTicket
INFO: TICKET REMOVED :- Ticket [ticketID=318, ticketName=generic ticket, ticketPrice=1000, ticketQuantity=1]. Available number of tickets :- 182
Jan 16, 2025 3:41:17 AM TicketPool removeTicket
INFO: TICKET REMOVED :- Ticket [ticketID=319, ticketName=generic ticket, ticketPrice=1000, ticketQuantity=1]. Available number of tickets :- 181
Jan 16, 2025 3:41:17 AM TicketPool removeTicket
INFO: TICKET REMOVED :- Ticket [ticketID=320, ticketName=generic ticket, ticketPrice=1000, ticketQuantity=1]. Available number of tickets :- 180
Jan 16, 2025 3:41:17 AM Customer run
INFO: Customer 3 buy a ticket
Jan 16, 2025 3:41:17 AM TicketPool removeTicket
INFO: TICKET REMOVED :- Ticket [ticketID=321, ticketName=generic ticket, ticketPrice=1000, ticketQuantity=1]. Available number of tickets :- 179
Jan 16, 2025 3:41:17 AM TicketPool removeTicket
INFO: TICKET REMOVED :- Ticket [ticketID=322, ticketName=generic ticket, ticketPrice=1000, ticketQuantity=1]. Available number of tickets :- 178
Jan 16, 2025 3:41:17 AM TicketPool removeTicket
INFO: TICKET REMOVED :- Ticket [ticketID=323, ticketName=generic ticket, ticketPrice=1000, ticketQuantity=1]. Available number of tickets :- 177
Jan 16, 2025 3:41:17 AM TicketPool removeTicket
INFO: TICKET REMOVED :- Ticket [ticketID=324, ticketName=generic ticket, ticketPrice=1000, ticketQuantity=1]. Available number of tickets :- 176
Jan 16, 2025 3:41:17 AM TicketPool removeTicket
INFO: TICKET REMOVED :- Ticket [ticketID=325, ticketName=generic ticket, ticketPrice=1000, ticketQuantity=1]. Available number of tickets :- 175
Jan 16, 2025 3:41:17 AM Customer run
INFO: Customer 2 buy a ticket
Jan 16, 2025 3:41:17 AM TicketPool removeTicket
INFO: TICKET REMOVED :- Ticket [ticketID=326, ticketName=generic ticket, ticketPrice=1000, ticketQuantity=1]. Available number of tickets :- 174
Jan 16, 2025 3:41:17 AM TicketPool removeTicket
INFO: TICKET REMOVED :- Ticket [ticketID=327, ticketName=generic ticket, ticketPrice=1000, ticketQuantity=1]. Available number of tickets :- 173
Jan 16, 2025 3:41:17 AM TicketPool removeTicket
INFO: TICKET REMOVED :- Ticket [ticketID=328, ticketName=generic ticket, ticketPrice=1000, ticketQuantity=1]. Available number of tickets :- 172
Jan 16, 2025 3:41:17 AM TicketPool removeTicket
INFO: TICKET REMOVED :- Ticket [ticketID=329, ticketName=generic ticket, ticketPrice=1000, ticketQuantity=1]. Available number of tickets :- 171
Jan 16, 2025 3:41:17 AM TicketPool removeTicket
INFO: TICKET REMOVED :- Ticket [ticketID=330, ticketName=generic ticket, ticketPrice=1000, ticketQuantity=1]. Available number of tickets :- 170
Jan 16, 2025 3:41:17 AM Customer run
INFO: Customer 1 buy a ticket
Jan 16, 2025 3:41:18 AM TicketPool removeTicket
INFO: TICKET REMOVED :- Ticket [ticketID=331, ticketName=generic ticket, ticketPrice=1000, ticketQuantity=1]. Available number of tickets :- 169
Jan 16, 2025 3:41:18 AM TicketPool removeTicket
INFO: TICKET REMOVED :- Ticket [ticketID=332, ticketName=generic ticket, ticketPrice=1000, ticketQuantity=1]. Available number of tickets :- 168
Jan 16, 2025 3:41:18 AM TicketPool removeTicket
INFO: TICKET REMOVED :- Ticket [ticketID=333, ticketName=generic ticket, ticketPrice=1000, ticketQuantity=1]. Available number of tickets :- 167
Jan 16, 2025 3:41:18 AM TicketPool removeTicket
INFO: TICKET REMOVED :- Ticket [ticketID=334, ticketName=generic ticket, ticketPrice=1000, ticketQuantity=1]. Available number of tickets :- 166
Jan 16, 2025 3:41:18 AM TicketPool removeTicket
INFO: TICKET REMOVED :- Ticket [ticketID=335, ticketName=generic ticket, ticketPrice=1000, ticketQuantity=1]. Available number of tickets :- 165
Jan 16, 2025 3:41:18 AM Customer run
INFO: Customer 3 buy a ticket
Jan 16, 2025 3:41:18 AM TicketPool removeTicket
INFO: TICKET REMOVED :- Ticket [ticketID=336, ticketName=generic ticket, ticketPrice=1000, ticketQuantity=1]. Available number of tickets :- 164
Jan 16, 2025 3:41:18 AM TicketPool removeTicket
INFO: TICKET REMOVED :- Ticket [ticketID=337, ticketName=generic ticket, ticketPrice=1000, ticketQuantity=1]. Available number of tickets :- 163
Jan 16, 2025 3:41:18 AM TicketPool removeTicket
INFO: TICKET REMOVED :- Ticket [ticketID=338, ticketName=generic ticket, ticketPrice=1000, ticketQuantity=1]. Available number of tickets :- 162
Jan 16, 2025 3:41:18 AM TicketPool removeTicket
INFO: TICKET REMOVED :- Ticket [ticketID=339, ticketName=generic ticket, ticketPrice=1000, ticketQuantity=1]. Available number of tickets :- 161
Jan 16, 2025 3:41:18 AM TicketPool removeTicket
INFO: TICKET REMOVED :- Ticket [ticketID=340, ticketName=generic ticket, ticketPrice=1000, ticketQuantity=1]. Available number of tickets :- 160
Jan 16, 2025 3:41:18 AM Customer run
INFO: Customer 2 buy a ticket
Jan 16, 2025 3:41:18 AM TicketPool removeTicket
INFO: TICKET REMOVED :- Ticket [ticketID=341, ticketName=generic ticket, ticketPrice=1000, ticketQuantity=1]. Available number of tickets :- 159
Jan 16, 2025 3:41:18 AM TicketPool removeTicket
INFO: TICKET REMOVED :- Ticket [ticketID=342, ticketName=generic ticket, ticketPrice=1000, ticketQuantity=1]. Available number of tickets :- 158
Jan 16, 2025 3:41:18 AM TicketPool removeTicket
INFO: TICKET REMOVED :- Ticket [ticketID=343, ticketName=generic ticket, ticketPrice=1000, ticketQuantity=1]. Available number of tickets :- 157
Jan 16, 2025 3:41:18 AM TicketPool removeTicket
INFO: TICKET REMOVED :- Ticket [ticketID=344, ticketName=generic ticket, ticketPrice=1000, ticketQuantity=1]. Available number of tickets :- 156
Jan 16, 2025 3:41:18 AM TicketPool removeTicket
INFO: TICKET REMOVED :- Ticket [ticketID=345, ticketName=generic ticket, ticketPrice=1000, ticketQuantity=1]. Available number of tickets :- 155
Jan 16, 2025 3:41:18 AM Customer run
INFO: Customer 1 buy a ticket
Jan 16, 2025 3:41:19 AM TicketPool removeTicket
INFO: TICKET REMOVED :- Ticket [ticketID=346, ticketName=generic ticket, ticketPrice=1000, ticketQuantity=1]. Available number of tickets :- 154
Jan 16, 2025 3:41:19 AM TicketPool removeTicket
INFO: TICKET REMOVED :- Ticket [ticketID=347, ticketName=generic ticket, ticketPrice=1000, ticketQuantity=1]. Available number of tickets :- 153
Jan 16, 2025 3:41:19 AM TicketPool removeTicket
INFO: TICKET REMOVED :- Ticket [ticketID=348, ticketName=generic ticket, ticketPrice=1000, ticketQuantity=1]. Available number of tickets :- 152
Jan 16, 2025 3:41:19 AM TicketPool removeTicket
INFO: TICKET REMOVED :- Ticket [ticketID=349, ticketName=generic ticket, ticketPrice=1000, ticketQuantity=1]. Available number of tickets :- 151
Jan 16, 2025 3:41:19 AM TicketPool removeTicket
INFO: TICKET REMOVED :- Ticket [ticketID=350, ticketName=generic ticket, ticketPrice=1000, ticketQuantity=1]. Available number of tickets :- 150
Jan 16, 2025 3:41:19 AM Customer run
INFO: Customer 3 buy a ticket
Jan 16, 2025 3:41:19 AM TicketPool removeTicket
INFO: TICKET REMOVED :- Ticket [ticketID=351, ticketName=generic ticket, ticketPrice=1000, ticketQuantity=1]. Available number of tickets :- 149
Jan 16, 2025 3:41:19 AM TicketPool removeTicket
INFO: TICKET REMOVED :- Ticket [ticketID=352, ticketName=generic ticket, ticketPrice=1000, ticketQuantity=1]. Available number of tickets :- 148
Jan 16, 2025 3:41:19 AM TicketPool removeTicket
INFO: TICKET REMOVED :- Ticket [ticketID=353, ticketName=generic ticket, ticketPrice=1000, ticketQuantity=1]. Available number of tickets :- 147
Jan 16, 2025 3:41:19 AM TicketPool removeTicket
INFO: TICKET REMOVED :- Ticket [ticketID=354, ticketName=generic ticket, ticketPrice=1000, ticketQuantity=1]. Available number of tickets :- 146
Jan 16, 2025 3:41:19 AM TicketPool removeTicket
INFO: TICKET REMOVED :- Ticket [ticketID=355, ticketName=generic ticket, ticketPrice=1000, ticketQuantity=1]. Available number of tickets :- 145
Jan 16, 2025 3:41:19 AM Customer run
INFO: Customer 2 buy a ticket
Jan 16, 2025 3:41:19 AM TicketPool removeTicket
INFO: TICKET REMOVED :- Ticket [ticketID=356, ticketName=generic ticket, ticketPrice=1000, ticketQuantity=1]. Available number of tickets :- 144
Jan 16, 2025 3:41:19 AM TicketPool removeTicket
INFO: TICKET REMOVED :- Ticket [ticketID=357, ticketName=generic ticket, ticketPrice=1000, ticketQuantity=1]. Available number of tickets :- 143
Jan 16, 2025 3:41:19 AM TicketPool removeTicket
INFO: TICKET REMOVED :- Ticket [ticketID=358, ticketName=generic ticket, ticketPrice=1000, ticketQuantity=1]. Available number of tickets :- 142
Jan 16, 2025 3:41:19 AM TicketPool removeTicket
INFO: TICKET REMOVED :- Ticket [ticketID=359, ticketName=generic ticket, ticketPrice=1000, ticketQuantity=1]. Available number of tickets :- 141
Jan 16, 2025 3:41:19 AM TicketPool removeTicket
INFO: TICKET REMOVED :- Ticket [ticketID=360, ticketName=generic ticket, ticketPrice=1000, ticketQuantity=1]. Available number of tickets :- 140
Jan 16, 2025 3:41:19 AM Customer run
INFO: Customer 1 buy a ticket
Jan 16, 2025 3:41:20 AM TicketPool removeTicket
INFO: TICKET REMOVED :- Ticket [ticketID=361, ticketName=generic ticket, ticketPrice=1000, ticketQuantity=1]. Available number of tickets :- 139
Jan 16, 2025 3:41:20 AM TicketPool removeTicket
INFO: TICKET REMOVED :- Ticket [ticketID=362, ticketName=generic ticket, ticketPrice=1000, ticketQuantity=1]. Available number of tickets :- 138
Jan 16, 2025 3:41:20 AM TicketPool removeTicket
INFO: TICKET REMOVED :- Ticket [ticketID=363, ticketName=generic ticket, ticketPrice=1000, ticketQuantity=1]. Available number of tickets :- 137
Jan 16, 2025 3:41:20 AM TicketPool removeTicket
INFO: TICKET REMOVED :- Ticket [ticketID=364, ticketName=generic ticket, ticketPrice=1000, ticketQuantity=1]. Available number of tickets :- 136
Jan 16, 2025 3:41:20 AM TicketPool removeTicket
INFO: TICKET REMOVED :- Ticket [ticketID=365, ticketName=generic ticket, ticketPrice=1000, ticketQuantity=1]. Available number of tickets :- 135
Jan 16, 2025 3:41:20 AM Customer run
INFO: Customer 3 buy a ticket
Jan 16, 2025 3:41:20 AM TicketPool removeTicket
INFO: TICKET REMOVED :- Ticket [ticketID=366, ticketName=generic ticket, ticketPrice=1000, ticketQuantity=1]. Available number of tickets :- 134
Jan 16, 2025 3:41:20 AM TicketPool removeTicket
INFO: TICKET REMOVED :- Ticket [ticketID=367, ticketName=generic ticket, ticketPrice=1000, ticketQuantity=1]. Available number of tickets :- 133
Jan 16, 2025 3:41:20 AM TicketPool removeTicket
INFO: TICKET REMOVED :- Ticket [ticketID=368, ticketName=generic ticket, ticketPrice=1000, ticketQuantity=1]. Available number of tickets :- 132
Jan 16, 2025 3:41:20 AM TicketPool removeTicket
INFO: TICKET REMOVED :- Ticket [ticketID=369, ticketName=generic ticket, ticketPrice=1000, ticketQuantity=1]. Available number of tickets :- 131
Jan 16, 2025 3:41:20 AM TicketPool removeTicket
INFO: TICKET REMOVED :- Ticket [ticketID=370, ticketName=generic ticket, ticketPrice=1000, ticketQuantity=1]. Available number of tickets :- 130
Jan 16, 2025 3:41:20 AM Customer run
INFO: Customer 2 buy a ticket
Jan 16, 2025 3:41:20 AM TicketPool removeTicket
INFO: TICKET REMOVED :- Ticket [ticketID=371, ticketName=generic ticket, ticketPrice=1000, ticketQuantity=1]. Available number of tickets :- 129
Jan 16, 2025 3:41:20 AM TicketPool removeTicket
INFO: TICKET REMOVED :- Ticket [ticketID=372, ticketName=generic ticket, ticketPrice=1000, ticketQuantity=1]. Available number of tickets :- 128
Jan 16, 2025 3:41:20 AM TicketPool removeTicket
INFO: TICKET REMOVED :- Ticket [ticketID=373, ticketName=generic ticket, ticketPrice=1000, ticketQuantity=1]. Available number of tickets :- 127
Jan 16, 2025 3:41:20 AM TicketPool removeTicket
INFO: TICKET REMOVED :- Ticket [ticketID=374, ticketName=generic ticket, ticketPrice=1000, ticketQuantity=1]. Available number of tickets :- 126
Jan 16, 2025 3:41:20 AM TicketPool removeTicket
INFO: TICKET REMOVED :- Ticket [ticketID=375, ticketName=generic ticket, ticketPrice=1000, ticketQuantity=1]. Available number of tickets :- 125
Jan 16, 2025 3:41:20 AM Customer run
INFO: Customer 1 buy a ticket
Jan 16, 2025 3:41:21 AM TicketPool removeTicket
INFO: TICKET REMOVED :- Ticket [ticketID=376, ticketName=generic ticket, ticketPrice=1000, ticketQuantity=1]. Available number of tickets :- 124
Jan 16, 2025 3:41:21 AM TicketPool removeTicket
INFO: TICKET REMOVED :- Ticket [ticketID=377, ticketName=generic ticket, ticketPrice=1000, ticketQuantity=1]. Available number of tickets :- 123
Jan 16, 2025 3:41:21 AM TicketPool removeTicket
INFO: TICKET REMOVED :- Ticket [ticketID=378, ticketName=generic ticket, ticketPrice=1000, ticketQuantity=1]. Available number of tickets :- 122
Jan 16, 2025 3:41:21 AM TicketPool removeTicket
INFO: TICKET REMOVED :- Ticket [ticketID=379, ticketName=generic ticket, ticketPrice=1000, ticketQuantity=1]. Available number of tickets :- 121
Jan 16, 2025 3:41:21 AM TicketPool removeTicket
INFO: TICKET REMOVED :- Ticket [ticketID=380, ticketName=generic ticket, ticketPrice=1000, ticketQuantity=1]. Available number of tickets :- 120
Jan 16, 2025 3:41:21 AM Customer run
INFO: Customer 3 buy a ticket
Jan 16, 2025 3:41:21 AM TicketPool removeTicket
INFO: TICKET REMOVED :- Ticket [ticketID=381, ticketName=generic ticket, ticketPrice=1000, ticketQuantity=1]. Available number of tickets :- 119
Jan 16, 2025 3:41:21 AM TicketPool removeTicket
INFO: TICKET REMOVED :- Ticket [ticketID=382, ticketName=generic ticket, ticketPrice=1000, ticketQuantity=1]. Available number of tickets :- 118
Jan 16, 2025 3:41:21 AM TicketPool removeTicket
INFO: TICKET REMOVED :- Ticket [ticketID=383, ticketName=generic ticket, ticketPrice=1000, ticketQuantity=1]. Available number of tickets :- 117
Jan 16, 2025 3:41:21 AM TicketPool removeTicket
INFO: TICKET REMOVED :- Ticket [ticketID=384, ticketName=generic ticket, ticketPrice=1000, ticketQuantity=1]. Available number of tickets :- 116
Jan 16, 2025 3:41:21 AM TicketPool removeTicket
INFO: TICKET REMOVED :- Ticket [ticketID=385, ticketName=generic ticket, ticketPrice=1000, ticketQuantity=1]. Available number of tickets :- 115
Jan 16, 2025 3:41:21 AM Customer run
INFO: Customer 2 buy a ticket
Jan 16, 2025 3:41:21 AM TicketPool removeTicket
INFO: TICKET REMOVED :- Ticket [ticketID=386, ticketName=generic ticket, ticketPrice=1000, ticketQuantity=1]. Available number of tickets :- 114
Jan 16, 2025 3:41:21 AM TicketPool removeTicket
INFO: TICKET REMOVED :- Ticket [ticketID=387, ticketName=generic ticket, ticketPrice=1000, ticketQuantity=1]. Available number of tickets :- 113
Jan 16, 2025 3:41:21 AM TicketPool removeTicket
INFO: TICKET REMOVED :- Ticket [ticketID=388, ticketName=generic ticket, ticketPrice=1000, ticketQuantity=1]. Available number of tickets :- 112
Jan 16, 2025 3:41:21 AM TicketPool removeTicket
INFO: TICKET REMOVED :- Ticket [ticketID=389, ticketName=generic ticket, ticketPrice=1000, ticketQuantity=1]. Available number of tickets :- 111
Jan 16, 2025 3:41:21 AM TicketPool removeTicket
INFO: TICKET REMOVED :- Ticket [ticketID=390, ticketName=generic ticket, ticketPrice=1000, ticketQuantity=1]. Available number of tickets :- 110
Jan 16, 2025 3:41:21 AM Customer run
INFO: Customer 1 buy a ticket
Jan 16, 2025 3:41:22 AM TicketPool removeTicket
INFO: TICKET REMOVED :- Ticket [ticketID=391, ticketName=generic ticket, ticketPrice=1000, ticketQuantity=1]. Available number of tickets :- 109
Jan 16, 2025 3:41:22 AM TicketPool removeTicket
INFO: TICKET REMOVED :- Ticket [ticketID=392, ticketName=generic ticket, ticketPrice=1000, ticketQuantity=1]. Available number of tickets :- 108
Jan 16, 2025 3:41:22 AM TicketPool removeTicket
INFO: TICKET REMOVED :- Ticket [ticketID=393, ticketName=generic ticket, ticketPrice=1000, ticketQuantity=1]. Available number of tickets :- 107
Jan 16, 2025 3:41:22 AM TicketPool removeTicket
INFO: TICKET REMOVED :- Ticket [ticketID=394, ticketName=generic ticket, ticketPrice=1000, ticketQuantity=1]. Available number of tickets :- 106
Jan 16, 2025 3:41:22 AM TicketPool removeTicket
INFO: TICKET REMOVED :- Ticket [ticketID=395, ticketName=generic ticket, ticketPrice=1000, ticketQuantity=1]. Available number of tickets :- 105
Jan 16, 2025 3:41:22 AM Customer run
INFO: Customer 3 buy a ticket
Jan 16, 2025 3:41:22 AM TicketPool removeTicket
INFO: TICKET REMOVED :- Ticket [ticketID=396, ticketName=generic ticket, ticketPrice=1000, ticketQuantity=1]. Available number of tickets :- 104
Jan 16, 2025 3:41:22 AM TicketPool removeTicket
INFO: TICKET REMOVED :- Ticket [ticketID=397, ticketName=generic ticket, ticketPrice=1000, ticketQuantity=1]. Available number of tickets :- 103
Jan 16, 2025 3:41:22 AM TicketPool removeTicket
INFO: TICKET REMOVED :- Ticket [ticketID=398, ticketName=generic ticket, ticketPrice=1000, ticketQuantity=1]. Available number of tickets :- 102
Jan 16, 2025 3:41:22 AM TicketPool removeTicket
INFO: TICKET REMOVED :- Ticket [ticketID=399, ticketName=generic ticket, ticketPrice=1000, ticketQuantity=1]. Available number of tickets :- 101
Jan 16, 2025 3:41:22 AM TicketPool removeTicket
INFO: TICKET REMOVED :- Ticket [ticketID=400, ticketName=generic ticket, ticketPrice=1000, ticketQuantity=1]. Available number of tickets :- 100
Jan 16, 2025 3:41:22 AM Customer run
INFO: Customer 2 buy a ticket
Jan 16, 2025 3:41:22 AM TicketPool removeTicket
INFO: TICKET REMOVED :- Ticket [ticketID=401, ticketName=generic ticket, ticketPrice=1000, ticketQuantity=1]. Available number of tickets :- 99
Jan 16, 2025 3:41:22 AM TicketPool removeTicket
INFO: TICKET REMOVED :- Ticket [ticketID=402, ticketName=generic ticket, ticketPrice=1000, ticketQuantity=1]. Available number of tickets :- 98
Jan 16, 2025 3:41:22 AM TicketPool removeTicket
INFO: TICKET REMOVED :- Ticket [ticketID=403, ticketName=generic ticket, ticketPrice=1000, ticketQuantity=1]. Available number of tickets :- 97
Jan 16, 2025 3:41:22 AM TicketPool removeTicket
INFO: TICKET REMOVED :- Ticket [ticketID=404, ticketName=generic ticket, ticketPrice=1000, ticketQuantity=1]. Available number of tickets :- 96
Jan 16, 2025 3:41:22 AM TicketPool removeTicket
INFO: TICKET REMOVED :- Ticket [ticketID=405, ticketName=generic ticket, ticketPrice=1000, ticketQuantity=1]. Available number of tickets :- 95
Jan 16, 2025 3:41:22 AM Customer run
INFO: Customer 1 buy a ticket
Jan 16, 2025 3:41:23 AM TicketPool removeTicket
INFO: TICKET REMOVED :- Ticket [ticketID=406, ticketName=generic ticket, ticketPrice=1000, ticketQuantity=1]. Available number of tickets :- 94
Jan 16, 2025 3:41:23 AM TicketPool removeTicket
INFO: TICKET REMOVED :- Ticket [ticketID=407, ticketName=generic ticket, ticketPrice=1000, ticketQuantity=1]. Available number of tickets :- 93
Jan 16, 2025 3:41:23 AM TicketPool removeTicket
INFO: TICKET REMOVED :- Ticket [ticketID=408, ticketName=generic ticket, ticketPrice=1000, ticketQuantity=1]. Available number of tickets :- 92
Jan 16, 2025 3:41:23 AM TicketPool removeTicket
INFO: TICKET REMOVED :- Ticket [ticketID=409, ticketName=generic ticket, ticketPrice=1000, ticketQuantity=1]. Available number of tickets :- 91
Jan 16, 2025 3:41:23 AM TicketPool removeTicket
INFO: TICKET REMOVED :- Ticket [ticketID=410, ticketName=generic ticket, ticketPrice=1000, ticketQuantity=1]. Available number of tickets :- 90
Jan 16, 2025 3:41:23 AM Customer run
INFO: Customer 3 buy a ticket
Jan 16, 2025 3:41:23 AM TicketPool removeTicket
INFO: TICKET REMOVED :- Ticket [ticketID=411, ticketName=generic ticket, ticketPrice=1000, ticketQuantity=1]. Available number of tickets :- 89
Jan 16, 2025 3:41:23 AM TicketPool removeTicket
INFO: TICKET REMOVED :- Ticket [ticketID=412, ticketName=generic ticket, ticketPrice=1000, ticketQuantity=1]. Available number of tickets :- 88
Jan 16, 2025 3:41:23 AM TicketPool removeTicket
INFO: TICKET REMOVED :- Ticket [ticketID=413, ticketName=generic ticket, ticketPrice=1000, ticketQuantity=1]. Available number of tickets :- 87
Jan 16, 2025 3:41:23 AM TicketPool removeTicket
INFO: TICKET REMOVED :- Ticket [ticketID=414, ticketName=generic ticket, ticketPrice=1000, ticketQuantity=1]. Available number of tickets :- 86
Jan 16, 2025 3:41:23 AM TicketPool removeTicket
INFO: TICKET REMOVED :- Ticket [ticketID=415, ticketName=generic ticket, ticketPrice=1000, ticketQuantity=1]. Available number of tickets :- 85
Jan 16, 2025 3:41:23 AM Customer run
INFO: Customer 2 buy a ticket
Jan 16, 2025 3:41:23 AM TicketPool removeTicket
INFO: TICKET REMOVED :- Ticket [ticketID=416, ticketName=generic ticket, ticketPrice=1000, ticketQuantity=1]. Available number of tickets :- 84
Jan 16, 2025 3:41:23 AM TicketPool removeTicket
INFO: TICKET REMOVED :- Ticket [ticketID=417, ticketName=generic ticket, ticketPrice=1000, ticketQuantity=1]. Available number of tickets :- 83
Jan 16, 2025 3:41:23 AM TicketPool removeTicket
INFO: TICKET REMOVED :- Ticket [ticketID=418, ticketName=generic ticket, ticketPrice=1000, ticketQuantity=1]. Available number of tickets :- 82
Jan 16, 2025 3:41:23 AM TicketPool removeTicket
INFO: TICKET REMOVED :- Ticket [ticketID=419, ticketName=generic ticket, ticketPrice=1000, ticketQuantity=1]. Available number of tickets :- 81
Jan 16, 2025 3:41:23 AM TicketPool removeTicket
INFO: TICKET REMOVED :- Ticket [ticketID=420, ticketName=generic ticket, ticketPrice=1000, ticketQuantity=1]. Available number of tickets :- 80
Jan 16, 2025 3:41:23 AM Customer run
INFO: Customer 1 buy a ticket
Jan 16, 2025 3:41:24 AM TicketPool removeTicket
INFO: TICKET REMOVED :- Ticket [ticketID=421, ticketName=generic ticket, ticketPrice=1000, ticketQuantity=1]. Available number of tickets :- 79
Jan 16, 2025 3:41:24 AM TicketPool removeTicket
INFO: TICKET REMOVED :- Ticket [ticketID=422, ticketName=generic ticket, ticketPrice=1000, ticketQuantity=1]. Available number of tickets :- 78
Jan 16, 2025 3:41:24 AM TicketPool removeTicket
INFO: TICKET REMOVED :- Ticket [ticketID=423, ticketName=generic ticket, ticketPrice=1000, ticketQuantity=1]. Available number of tickets :- 77
Jan 16, 2025 3:41:24 AM TicketPool removeTicket
INFO: TICKET REMOVED :- Ticket [ticketID=424, ticketName=generic ticket, ticketPrice=1000, ticketQuantity=1]. Available number of tickets :- 76
Jan 16, 2025 3:41:24 AM TicketPool removeTicket
INFO: TICKET REMOVED :- Ticket [ticketID=425, ticketName=generic ticket, ticketPrice=1000, ticketQuantity=1]. Available number of tickets :- 75
Jan 16, 2025 3:41:24 AM Customer run
INFO: Customer 3 buy a ticket
Jan 16, 2025 3:41:24 AM TicketPool removeTicket
INFO: TICKET REMOVED :- Ticket [ticketID=426, ticketName=generic ticket, ticketPrice=1000, ticketQuantity=1]. Available number of tickets :- 74
Jan 16, 2025 3:41:24 AM TicketPool removeTicket
INFO: TICKET REMOVED :- Ticket [ticketID=427, ticketName=generic ticket, ticketPrice=1000, ticketQuantity=1]. Available number of tickets :- 73
Jan 16, 2025 3:41:24 AM TicketPool removeTicket
INFO: TICKET REMOVED :- Ticket [ticketID=428, ticketName=generic ticket, ticketPrice=1000, ticketQuantity=1]. Available number of tickets :- 72
Jan 16, 2025 3:41:24 AM TicketPool removeTicket
INFO: TICKET REMOVED :- Ticket [ticketID=429, ticketName=generic ticket, ticketPrice=1000, ticketQuantity=1]. Available number of tickets :- 71
Jan 16, 2025 3:41:24 AM TicketPool removeTicket
INFO: TICKET REMOVED :- Ticket [ticketID=430, ticketName=generic ticket, ticketPrice=1000, ticketQuantity=1]. Available number of tickets :- 70
Jan 16, 2025 3:41:24 AM Customer run
INFO: Customer 2 buy a ticket
Jan 16, 2025 3:41:24 AM TicketPool removeTicket
INFO: TICKET REMOVED :- Ticket [ticketID=431, ticketName=generic ticket, ticketPrice=1000, ticketQuantity=1]. Available number of tickets :- 69
Jan 16, 2025 3:41:24 AM TicketPool removeTicket
INFO: TICKET REMOVED :- Ticket [ticketID=432, ticketName=generic ticket, ticketPrice=1000, ticketQuantity=1]. Available number of tickets :- 68
Jan 16, 2025 3:41:24 AM TicketPool removeTicket
INFO: TICKET REMOVED :- Ticket [ticketID=433, ticketName=generic ticket, ticketPrice=1000, ticketQuantity=1]. Available number of tickets :- 67
Jan 16, 2025 3:41:24 AM TicketPool removeTicket
INFO: TICKET REMOVED :- Ticket [ticketID=434, ticketName=generic ticket, ticketPrice=1000, ticketQuantity=1]. Available number of tickets :- 66
Jan 16, 2025 3:41:24 AM TicketPool removeTicket
INFO: TICKET REMOVED :- Ticket [ticketID=435, ticketName=generic ticket, ticketPrice=1000, ticketQuantity=1]. Available number of tickets :- 65
Jan 16, 2025 3:41:24 AM Customer run
INFO: Customer 1 buy a ticket
Jan 16, 2025 3:41:25 AM TicketPool removeTicket
INFO: TICKET REMOVED :- Ticket [ticketID=436, ticketName=generic ticket, ticketPrice=1000, ticketQuantity=1]. Available number of tickets :- 64
Jan 16, 2025 3:41:25 AM TicketPool removeTicket
INFO: TICKET REMOVED :- Ticket [ticketID=437, ticketName=generic ticket, ticketPrice=1000, ticketQuantity=1]. Available number of tickets :- 63
Jan 16, 2025 3:41:25 AM TicketPool removeTicket
INFO: TICKET REMOVED :- Ticket [ticketID=438, ticketName=generic ticket, ticketPrice=1000, ticketQuantity=1]. Available number of tickets :- 62
Jan 16, 2025 3:41:25 AM TicketPool removeTicket
INFO: TICKET REMOVED :- Ticket [ticketID=439, ticketName=generic ticket, ticketPrice=1000, ticketQuantity=1]. Available number of tickets :- 61
Jan 16, 2025 3:41:25 AM TicketPool removeTicket
INFO: TICKET REMOVED :- Ticket [ticketID=440, ticketName=generic ticket, ticketPrice=1000, ticketQuantity=1]. Available number of tickets :- 60
Jan 16, 2025 3:41:25 AM Customer run
INFO: Customer 3 buy a ticket
Jan 16, 2025 3:41:25 AM TicketPool removeTicket
INFO: TICKET REMOVED :- Ticket [ticketID=441, ticketName=generic ticket, ticketPrice=1000, ticketQuantity=1]. Available number of tickets :- 59
Jan 16, 2025 3:41:25 AM TicketPool removeTicket
INFO: TICKET REMOVED :- Ticket [ticketID=442, ticketName=generic ticket, ticketPrice=1000, ticketQuantity=1]. Available number of tickets :- 58
Jan 16, 2025 3:41:25 AM TicketPool removeTicket
INFO: TICKET REMOVED :- Ticket [ticketID=443, ticketName=generic ticket, ticketPrice=1000, ticketQuantity=1]. Available number of tickets :- 57
Jan 16, 2025 3:41:25 AM TicketPool removeTicket
INFO: TICKET REMOVED :- Ticket [ticketID=444, ticketName=generic ticket, ticketPrice=1000, ticketQuantity=1]. Available number of tickets :- 56
Jan 16, 2025 3:41:25 AM TicketPool removeTicket
INFO: TICKET REMOVED :- Ticket [ticketID=445, ticketName=generic ticket, ticketPrice=1000, ticketQuantity=1]. Available number of tickets :- 55
Jan 16, 2025 3:41:25 AM Customer run
INFO: Customer 2 buy a ticket
Jan 16, 2025 3:41:25 AM TicketPool removeTicket
INFO: TICKET REMOVED :- Ticket [ticketID=446, ticketName=generic ticket, ticketPrice=1000, ticketQuantity=1]. Available number of tickets :- 54
Jan 16, 2025 3:41:25 AM TicketPool removeTicket
INFO: TICKET REMOVED :- Ticket [ticketID=447, ticketName=generic ticket, ticketPrice=1000, ticketQuantity=1]. Available number of tickets :- 53
Jan 16, 2025 3:41:25 AM TicketPool removeTicket
INFO: TICKET REMOVED :- Ticket [ticketID=448, ticketName=generic ticket, ticketPrice=1000, ticketQuantity=1]. Available number of tickets :- 52
Jan 16, 2025 3:41:25 AM TicketPool removeTicket
INFO: TICKET REMOVED :- Ticket [ticketID=449, ticketName=generic ticket, ticketPrice=1000, ticketQuantity=1]. Available number of tickets :- 51
Jan 16, 2025 3:41:25 AM TicketPool removeTicket
INFO: TICKET REMOVED :- Ticket [ticketID=450, ticketName=generic ticket, ticketPrice=1000, ticketQuantity=1]. Available number of tickets :- 50
Jan 16, 2025 3:41:25 AM Customer run
INFO: Customer 1 buy a ticket
Jan 16, 2025 3:41:26 AM TicketPool removeTicket
INFO: TICKET REMOVED :- Ticket [ticketID=451, ticketName=generic ticket, ticketPrice=1000, ticketQuantity=1]. Available number of tickets :- 49
Jan 16, 2025 3:41:26 AM TicketPool removeTicket
INFO: TICKET REMOVED :- Ticket [ticketID=452, ticketName=generic ticket, ticketPrice=1000, ticketQuantity=1]. Available number of tickets :- 48
Jan 16, 2025 3:41:26 AM TicketPool removeTicket
INFO: TICKET REMOVED :- Ticket [ticketID=453, ticketName=generic ticket, ticketPrice=1000, ticketQuantity=1]. Available number of tickets :- 47
Jan 16, 2025 3:41:26 AM TicketPool removeTicket
INFO: TICKET REMOVED :- Ticket [ticketID=454, ticketName=generic ticket, ticketPrice=1000, ticketQuantity=1]. Available number of tickets :- 46
Jan 16, 2025 3:41:26 AM TicketPool removeTicket
INFO: TICKET REMOVED :- Ticket [ticketID=455, ticketName=generic ticket, ticketPrice=1000, ticketQuantity=1]. Available number of tickets :- 45
Jan 16, 2025 3:41:26 AM Customer run
INFO: Customer 3 buy a ticket
Jan 16, 2025 3:41:26 AM TicketPool removeTicket
INFO: TICKET REMOVED :- Ticket [ticketID=456, ticketName=generic ticket, ticketPrice=1000, ticketQuantity=1]. Available number of tickets :- 44
Jan 16, 2025 3:41:26 AM TicketPool removeTicket
INFO: TICKET REMOVED :- Ticket [ticketID=457, ticketName=generic ticket, ticketPrice=1000, ticketQuantity=1]. Available number of tickets :- 43
Jan 16, 2025 3:41:26 AM TicketPool removeTicket
INFO: TICKET REMOVED :- Ticket [ticketID=458, ticketName=generic ticket, ticketPrice=1000, ticketQuantity=1]. Available number of tickets :- 42
Jan 16, 2025 3:41:26 AM TicketPool removeTicket
INFO: TICKET REMOVED :- Ticket [ticketID=459, ticketName=generic ticket, ticketPrice=1000, ticketQuantity=1]. Available number of tickets :- 41
Jan 16, 2025 3:41:26 AM TicketPool removeTicket
INFO: TICKET REMOVED :- Ticket [ticketID=460, ticketName=generic ticket, ticketPrice=1000, ticketQuantity=1]. Available number of tickets :- 40
Jan 16, 2025 3:41:26 AM Customer run
INFO: Customer 2 buy a ticket
Jan 16, 2025 3:41:26 AM TicketPool removeTicket
INFO: TICKET REMOVED :- Ticket [ticketID=461, ticketName=generic ticket, ticketPrice=1000, ticketQuantity=1]. Available number of tickets :- 39
Jan 16, 2025 3:41:26 AM TicketPool removeTicket
INFO: TICKET REMOVED :- Ticket [ticketID=462, ticketName=generic ticket, ticketPrice=1000, ticketQuantity=1]. Available number of tickets :- 38
Jan 16, 2025 3:41:26 AM TicketPool removeTicket
INFO: TICKET REMOVED :- Ticket [ticketID=463, ticketName=generic ticket, ticketPrice=1000, ticketQuantity=1]. Available number of tickets :- 37
Jan 16, 2025 3:41:26 AM TicketPool removeTicket
INFO: TICKET REMOVED :- Ticket [ticketID=464, ticketName=generic ticket, ticketPrice=1000, ticketQuantity=1]. Available number of tickets :- 36
Jan 16, 2025 3:41:26 AM TicketPool removeTicket
INFO: TICKET REMOVED :- Ticket [ticketID=465, ticketName=generic ticket, ticketPrice=1000, ticketQuantity=1]. Available number of tickets :- 35
Jan 16, 2025 3:41:26 AM Customer run
INFO: Customer 1 buy a ticket
Jan 16, 2025 3:41:27 AM TicketPool removeTicket
INFO: TICKET REMOVED :- Ticket [ticketID=466, ticketName=generic ticket, ticketPrice=1000, ticketQuantity=1]. Available number of tickets :- 34
Jan 16, 2025 3:41:27 AM TicketPool removeTicket
INFO: TICKET REMOVED :- Ticket [ticketID=467, ticketName=generic ticket, ticketPrice=1000, ticketQuantity=1]. Available number of tickets :- 33
Jan 16, 2025 3:41:27 AM TicketPool removeTicket
INFO: TICKET REMOVED :- Ticket [ticketID=468, ticketName=generic ticket, ticketPrice=1000, ticketQuantity=1]. Available number of tickets :- 32
Jan 16, 2025 3:41:27 AM TicketPool removeTicket
INFO: TICKET REMOVED :- Ticket [ticketID=469, ticketName=generic ticket, ticketPrice=1000, ticketQuantity=1]. Available number of tickets :- 31
Jan 16, 2025 3:41:27 AM TicketPool removeTicket
INFO: TICKET REMOVED :- Ticket [ticketID=470, ticketName=generic ticket, ticketPrice=1000, ticketQuantity=1]. Available number of tickets :- 30
Jan 16, 2025 3:41:27 AM Customer run
INFO: Customer 3 buy a ticket
Jan 16, 2025 3:41:27 AM TicketPool removeTicket
INFO: TICKET REMOVED :- Ticket [ticketID=471, ticketName=generic ticket, ticketPrice=1000, ticketQuantity=1]. Available number of tickets :- 29
Jan 16, 2025 3:41:27 AM TicketPool removeTicket
INFO: TICKET REMOVED :- Ticket [ticketID=472, ticketName=generic ticket, ticketPrice=1000, ticketQuantity=1]. Available number of tickets :- 28
Jan 16, 2025 3:41:27 AM TicketPool removeTicket
INFO: TICKET REMOVED :- Ticket [ticketID=473, ticketName=generic ticket, ticketPrice=1000, ticketQuantity=1]. Available number of tickets :- 27
Jan 16, 2025 3:41:27 AM TicketPool removeTicket
INFO: TICKET REMOVED :- Ticket [ticketID=474, ticketName=generic ticket, ticketPrice=1000, ticketQuantity=1]. Available number of tickets :- 26
Jan 16, 2025 3:41:27 AM TicketPool removeTicket
INFO: TICKET REMOVED :- Ticket [ticketID=475, ticketName=generic ticket, ticketPrice=1000, ticketQuantity=1]. Available number of tickets :- 25
Jan 16, 2025 3:41:27 AM Customer run
INFO: Customer 2 buy a ticket
Jan 16, 2025 3:41:27 AM TicketPool removeTicket
INFO: TICKET REMOVED :- Ticket [ticketID=476, ticketName=generic ticket, ticketPrice=1000, ticketQuantity=1]. Available number of tickets :- 24
Jan 16, 2025 3:41:27 AM TicketPool removeTicket
INFO: TICKET REMOVED :- Ticket [ticketID=477, ticketName=generic ticket, ticketPrice=1000, ticketQuantity=1]. Available number of tickets :- 23
Jan 16, 2025 3:41:27 AM TicketPool removeTicket
INFO: TICKET REMOVED :- Ticket [ticketID=478, ticketName=generic ticket, ticketPrice=1000, ticketQuantity=1]. Available number of tickets :- 22
Jan 16, 2025 3:41:27 AM TicketPool removeTicket
INFO: TICKET REMOVED :- Ticket [ticketID=479, ticketName=generic ticket, ticketPrice=1000, ticketQuantity=1]. Available number of tickets :- 21
Jan 16, 2025 3:41:27 AM TicketPool removeTicket
INFO: TICKET REMOVED :- Ticket [ticketID=480, ticketName=generic ticket, ticketPrice=1000, ticketQuantity=1]. Available number of tickets :- 20
Jan 16, 2025 3:41:27 AM Customer run
INFO: Customer 1 buy a ticket
Jan 16, 2025 3:41:28 AM TicketPool removeTicket
INFO: TICKET REMOVED :- Ticket [ticketID=481, ticketName=generic ticket, ticketPrice=1000, ticketQuantity=1]. Available number of tickets :- 19
Jan 16, 2025 3:41:28 AM TicketPool removeTicket
INFO: TICKET REMOVED :- Ticket [ticketID=482, ticketName=generic ticket, ticketPrice=1000, ticketQuantity=1]. Available number of tickets :- 18
Jan 16, 2025 3:41:28 AM TicketPool removeTicket
INFO: TICKET REMOVED :- Ticket [ticketID=483, ticketName=generic ticket, ticketPrice=1000, ticketQuantity=1]. Available number of tickets :- 17
Jan 16, 2025 3:41:28 AM TicketPool removeTicket
INFO: TICKET REMOVED :- Ticket [ticketID=484, ticketName=generic ticket, ticketPrice=1000, ticketQuantity=1]. Available number of tickets :- 16
Jan 16, 2025 3:41:28 AM TicketPool removeTicket
INFO: TICKET REMOVED :- Ticket [ticketID=485, ticketName=generic ticket, ticketPrice=1000, ticketQuantity=1]. Available number of tickets :- 15
Jan 16, 2025 3:41:28 AM Customer run
INFO: Customer 3 buy a ticket
Jan 16, 2025 3:41:28 AM TicketPool removeTicket
INFO: TICKET REMOVED :- Ticket [ticketID=486, ticketName=generic ticket, ticketPrice=1000, ticketQuantity=1]. Available number of tickets :- 14
Jan 16, 2025 3:41:28 AM TicketPool removeTicket
INFO: TICKET REMOVED :- Ticket [ticketID=487, ticketName=generic ticket, ticketPrice=1000, ticketQuantity=1]. Available number of tickets :- 13
Jan 16, 2025 3:41:28 AM TicketPool removeTicket
INFO: TICKET REMOVED :- Ticket [ticketID=488, ticketName=generic ticket, ticketPrice=1000, ticketQuantity=1]. Available number of tickets :- 12
Jan 16, 2025 3:41:28 AM TicketPool removeTicket
INFO: TICKET REMOVED :- Ticket [ticketID=489, ticketName=generic ticket, ticketPrice=1000, ticketQuantity=1]. Available number of tickets :- 11
Jan 16, 2025 3:41:28 AM TicketPool removeTicket
INFO: TICKET REMOVED :- Ticket [ticketID=490, ticketName=generic ticket, ticketPrice=1000, ticketQuantity=1]. Available number of tickets :- 10
Jan 16, 2025 3:41:28 AM Customer run
INFO: Customer 2 buy a ticket
Jan 16, 2025 3:41:28 AM TicketPool removeTicket
INFO: TICKET REMOVED :- Ticket [ticketID=491, ticketName=generic ticket, ticketPrice=1000, ticketQuantity=1]. Available number of tickets :- 9
Jan 16, 2025 3:41:28 AM TicketPool removeTicket
INFO: TICKET REMOVED :- Ticket [ticketID=492, ticketName=generic ticket, ticketPrice=1000, ticketQuantity=1]. Available number of tickets :- 8
Jan 16, 2025 3:41:28 AM TicketPool removeTicket
INFO: TICKET REMOVED :- Ticket [ticketID=493, ticketName=generic ticket, ticketPrice=1000, ticketQuantity=1]. Available number of tickets :- 7
Jan 16, 2025 3:41:28 AM TicketPool removeTicket
INFO: TICKET REMOVED :- Ticket [ticketID=494, ticketName=generic ticket, ticketPrice=1000, ticketQuantity=1]. Available number of tickets :- 6
Jan 16, 2025 3:41:28 AM TicketPool removeTicket
INFO: TICKET REMOVED :- Ticket [ticketID=495, ticketName=generic ticket, ticketPrice=1000, ticketQuantity=1]. Available number of tickets :- 5
Jan 16, 2025 3:41:28 AM Customer run
INFO: Customer 1 buy a ticket
Jan 16, 2025 3:41:29 AM TicketPool removeTicket
INFO: TICKET REMOVED :- Ticket [ticketID=496, ticketName=generic ticket, ticketPrice=1000, ticketQuantity=1]. Available number of tickets :- 4
Jan 16, 2025 3:41:29 AM TicketPool removeTicket
INFO: TICKET REMOVED :- Ticket [ticketID=497, ticketName=generic ticket, ticketPrice=1000, ticketQuantity=1]. Available number of tickets :- 3
Jan 16, 2025 3:41:29 AM TicketPool removeTicket
INFO: TICKET REMOVED :- Ticket [ticketID=498, ticketName=generic ticket, ticketPrice=1000, ticketQuantity=1]. Available number of tickets :- 2
Jan 16, 2025 3:41:29 AM TicketPool removeTicket
INFO: TICKET REMOVED :- Ticket [ticketID=499, ticketName=generic ticket, ticketPrice=1000, ticketQuantity=1]. Available number of tickets :- 1
Jan 16, 2025 3:41:29 AM TicketPool removeTicket
INFO: TICKET REMOVED :- Ticket [ticketID=500, ticketName=generic ticket, ticketPrice=1000, ticketQuantity=1]. Available number of tickets :- 0
Jan 16, 2025 3:41:29 AM Customer run
INFO: Customer 3 buy a ticket
Jan 16, 2025 3:41:29 AM TicketPool removeTicket
INFO: Sorry !!!! No tickets available. Please Waiting...
Jan 16, 2025 3:41:29 AM TicketPool removeTicket
INFO: Sorry !!!! No tickets available. Please Waiting...
Jan 16, 2025 3:41:30 AM TicketPool removeTicket
INFO: Sorry !!!! No tickets available. Please Waiting...
Jan 16, 2025 3:41:42 AM Configuration saveConfigToTextFile
INFO: Configuration saved to text file: configurationtext_file
Jan 16, 2025 3:41:42 AM TicketSystem main
INFO: CONFIGURATION FILE SAVED TO config.json
Jan 16, 2025 3:41:42 AM TicketPool addTickets
INFO: ADDED TICKETS :-  5 TICKETS. NOW POOL SIZE :- 105
Jan 16, 2025 3:41:42 AM TicketSystem runSystem
INFO: TICKET SYSTEM IS RUNNING
Jan 16, 2025 3:41:42 AM Vendor run
INFO: Vendor 1 added 5 tickets.
Jan 16, 2025 3:41:42 AM TicketPool removeTicket
INFO: TICKET REMOVED :- Ticket [ticketID=1, ticketName=generic ticket, ticketPrice=1000, ticketQuantity=1]. Available number of tickets :- 104
Jan 16, 2025 3:41:42 AM TicketPool removeTicket
INFO: TICKET REMOVED :- Ticket [ticketID=2, ticketName=generic ticket, ticketPrice=1000, ticketQuantity=1]. Available number of tickets :- 103
Jan 16, 2025 3:41:42 AM TicketPool removeTicket
INFO: TICKET REMOVED :- Ticket [ticketID=3, ticketName=generic ticket, ticketPrice=1000, ticketQuantity=1]. Available number of tickets :- 102
Jan 16, 2025 3:41:42 AM TicketPool removeTicket
INFO: TICKET REMOVED :- Ticket [ticketID=4, ticketName=generic ticket, ticketPrice=1000, ticketQuantity=1]. Available number of tickets :- 101
Jan 16, 2025 3:41:42 AM Customer run
INFO: Customer 3 buy a ticket
Jan 16, 2025 3:41:42 AM TicketPool removeTicket
INFO: TICKET REMOVED :- Ticket [ticketID=5, ticketName=generic ticket, ticketPrice=1000, ticketQuantity=1]. Available number of tickets :- 100
Jan 16, 2025 3:41:42 AM TicketPool removeTicket
INFO: TICKET REMOVED :- Ticket [ticketID=6, ticketName=generic ticket, ticketPrice=1000, ticketQuantity=1]. Available number of tickets :- 99
Jan 16, 2025 3:41:42 AM Customer run
INFO: Customer 2 buy a ticket
Jan 16, 2025 3:41:42 AM TicketPool removeTicket
INFO: TICKET REMOVED :- Ticket [ticketID=7, ticketName=generic ticket, ticketPrice=1000, ticketQuantity=1]. Available number of tickets :- 98
Jan 16, 2025 3:41:42 AM TicketPool removeTicket
INFO: TICKET REMOVED :- Ticket [ticketID=8, ticketName=generic ticket, ticketPrice=1000, ticketQuantity=1]. Available number of tickets :- 97
Jan 16, 2025 3:41:42 AM TicketPool removeTicket
INFO: TICKET REMOVED :- Ticket [ticketID=9, ticketName=generic ticket, ticketPrice=1000, ticketQuantity=1]. Available number of tickets :- 96
Jan 16, 2025 3:41:42 AM Customer run
INFO: Customer 1 buy a ticket
Jan 16, 2025 3:41:42 AM TicketPool addTickets
INFO: ADDED TICKETS :-  5 TICKETS. NOW POOL SIZE :- 101
Jan 16, 2025 3:41:42 AM Vendor run
INFO: Vendor 5 added 5 tickets.
Jan 16, 2025 3:41:42 AM TicketPool addTickets
INFO: ADDED TICKETS :-  5 TICKETS. NOW POOL SIZE :- 106
Jan 16, 2025 3:41:42 AM Vendor run
INFO: Vendor 3 added 5 tickets.
Jan 16, 2025 3:41:42 AM TicketPool addTickets
INFO: ADDED TICKETS :-  5 TICKETS. NOW POOL SIZE :- 111
Jan 16, 2025 3:41:42 AM Vendor run
INFO: Vendor 4 added 5 tickets.
Jan 16, 2025 3:41:42 AM TicketPool addTickets
INFO: ADDED TICKETS :-  5 TICKETS. NOW POOL SIZE :- 116
Jan 16, 2025 3:41:42 AM Vendor run
INFO: Vendor 2 added 5 tickets.
Jan 16, 2025 3:41:43 AM TicketPool addTickets
INFO: ADDED TICKETS :-  5 TICKETS. NOW POOL SIZE :- 121
Jan 16, 2025 3:41:43 AM Vendor run
INFO: Vendor 1 added 5 tickets.
Jan 16, 2025 3:41:43 AM TicketPool addTickets
INFO: ADDED TICKETS :-  5 TICKETS. NOW POOL SIZE :- 126
Jan 16, 2025 3:41:43 AM Vendor run
INFO: Vendor 4 added 5 tickets.
Jan 16, 2025 3:41:43 AM TicketPool removeTicket
INFO: TICKET REMOVED :- Ticket [ticketID=10, ticketName=generic ticket, ticketPrice=1000, ticketQuantity=1]. Available number of tickets :- 125
Jan 16, 2025 3:41:43 AM TicketPool removeTicket
INFO: TICKET REMOVED :- Ticket [ticketID=11, ticketName=generic ticket, ticketPrice=1000, ticketQuantity=1]. Available number of tickets :- 124
Jan 16, 2025 3:41:43 AM TicketPool removeTicket
INFO: TICKET REMOVED :- Ticket [ticketID=12, ticketName=generic ticket, ticketPrice=1000, ticketQuantity=1]. Available number of tickets :- 123
Jan 16, 2025 3:41:43 AM Customer run
INFO: Customer 3 buy a ticket
Jan 16, 2025 3:41:43 AM TicketPool removeTicket
INFO: TICKET REMOVED :- Ticket [ticketID=13, ticketName=generic ticket, ticketPrice=1000, ticketQuantity=1]. Available number of tickets :- 122
Jan 16, 2025 3:41:43 AM TicketPool removeTicket
INFO: TICKET REMOVED :- Ticket [ticketID=14, ticketName=generic ticket, ticketPrice=1000, ticketQuantity=1]. Available number of tickets :- 121
Jan 16, 2025 3:41:43 AM TicketPool removeTicket
INFO: TICKET REMOVED :- Ticket [ticketID=15, ticketName=generic ticket, ticketPrice=1000, ticketQuantity=1]. Available number of tickets :- 120
Jan 16, 2025 3:41:43 AM Customer run
INFO: Customer 2 buy a ticket
Jan 16, 2025 3:41:43 AM TicketPool removeTicket
INFO: TICKET REMOVED :- Ticket [ticketID=16, ticketName=generic ticket, ticketPrice=1000, ticketQuantity=1]. Available number of tickets :- 119
Jan 16, 2025 3:41:43 AM TicketPool removeTicket
INFO: TICKET REMOVED :- Ticket [ticketID=17, ticketName=generic ticket, ticketPrice=1000, ticketQuantity=1]. Available number of tickets :- 118
Jan 16, 2025 3:41:43 AM TicketPool removeTicket
INFO: TICKET REMOVED :- Ticket [ticketID=18, ticketName=generic ticket, ticketPrice=1000, ticketQuantity=1]. Available number of tickets :- 117
Jan 16, 2025 3:41:43 AM Customer run
INFO: Customer 1 buy a ticket
Jan 16, 2025 3:41:43 AM TicketPool addTickets
INFO: ADDED TICKETS :-  5 TICKETS. NOW POOL SIZE :- 122
Jan 16, 2025 3:41:43 AM Vendor run
INFO: Vendor 5 added 5 tickets.
Jan 16, 2025 3:41:43 AM TicketPool addTickets
INFO: ADDED TICKETS :-  5 TICKETS. NOW POOL SIZE :- 127
Jan 16, 2025 3:41:43 AM Vendor run
INFO: Vendor 3 added 5 tickets.
Jan 16, 2025 3:41:43 AM TicketPool addTickets
INFO: ADDED TICKETS :-  5 TICKETS. NOW POOL SIZE :- 132
Jan 16, 2025 3:41:43 AM Vendor run
INFO: Vendor 2 added 5 tickets.
Jan 16, 2025 3:41:44 AM TicketPool addTickets
INFO: ADDED TICKETS :-  5 TICKETS. NOW POOL SIZE :- 137
Jan 16, 2025 3:41:44 AM Vendor run
INFO: Vendor 1 added 5 tickets.
Jan 16, 2025 3:41:44 AM TicketPool addTickets
INFO: ADDED TICKETS :-  5 TICKETS. NOW POOL SIZE :- 142
Jan 16, 2025 3:41:44 AM Vendor run
INFO: Vendor 4 added 5 tickets.
Jan 16, 2025 3:41:44 AM TicketPool removeTicket
INFO: TICKET REMOVED :- Ticket [ticketID=19, ticketName=generic ticket, ticketPrice=1000, ticketQuantity=1]. Available number of tickets :- 141
Jan 16, 2025 3:41:44 AM TicketPool removeTicket
INFO: TICKET REMOVED :- Ticket [ticketID=20, ticketName=generic ticket, ticketPrice=1000, ticketQuantity=1]. Available number of tickets :- 140
Jan 16, 2025 3:41:44 AM TicketPool removeTicket
INFO: TICKET REMOVED :- Ticket [ticketID=21, ticketName=generic ticket, ticketPrice=1000, ticketQuantity=1]. Available number of tickets :- 139
Jan 16, 2025 3:41:44 AM Customer run
INFO: Customer 3 buy a ticket
Jan 16, 2025 3:41:44 AM TicketPool removeTicket
INFO: TICKET REMOVED :- Ticket [ticketID=22, ticketName=generic ticket, ticketPrice=1000, ticketQuantity=1]. Available number of tickets :- 138
Jan 16, 2025 3:41:44 AM TicketPool removeTicket
INFO: TICKET REMOVED :- Ticket [ticketID=23, ticketName=generic ticket, ticketPrice=1000, ticketQuantity=1]. Available number of tickets :- 137
Jan 16, 2025 3:41:44 AM TicketPool removeTicket
INFO: TICKET REMOVED :- Ticket [ticketID=24, ticketName=generic ticket, ticketPrice=1000, ticketQuantity=1]. Available number of tickets :- 136
Jan 16, 2025 3:41:44 AM Customer run
INFO: Customer 2 buy a ticket
Jan 16, 2025 3:41:44 AM TicketPool removeTicket
INFO: TICKET REMOVED :- Ticket [ticketID=25, ticketName=generic ticket, ticketPrice=1000, ticketQuantity=1]. Available number of tickets :- 135
Jan 16, 2025 3:41:44 AM TicketPool removeTicket
INFO: TICKET REMOVED :- Ticket [ticketID=26, ticketName=generic ticket, ticketPrice=1000, ticketQuantity=1]. Available number of tickets :- 134
Jan 16, 2025 3:41:44 AM TicketPool removeTicket
INFO: TICKET REMOVED :- Ticket [ticketID=27, ticketName=generic ticket, ticketPrice=1000, ticketQuantity=1]. Available number of tickets :- 133
Jan 16, 2025 3:41:44 AM Customer run
INFO: Customer 1 buy a ticket
Jan 16, 2025 3:41:44 AM TicketPool addTickets
INFO: ADDED TICKETS :-  5 TICKETS. NOW POOL SIZE :- 138
Jan 16, 2025 3:41:44 AM Vendor run
INFO: Vendor 5 added 5 tickets.
Jan 16, 2025 3:41:44 AM TicketPool addTickets
INFO: ADDED TICKETS :-  5 TICKETS. NOW POOL SIZE :- 143
Jan 16, 2025 3:41:44 AM Vendor run
INFO: Vendor 3 added 5 tickets.
Jan 16, 2025 3:41:44 AM TicketPool addTickets
INFO: ADDED TICKETS :-  5 TICKETS. NOW POOL SIZE :- 148
Jan 16, 2025 3:41:44 AM Vendor run
INFO: Vendor 2 added 5 tickets.
Jan 16, 2025 3:41:45 AM TicketPool addTickets
INFO: ADDED TICKETS :-  5 TICKETS. NOW POOL SIZE :- 153
Jan 16, 2025 3:41:45 AM Vendor run
INFO: Vendor 1 added 5 tickets.
Jan 16, 2025 3:41:45 AM TicketPool removeTicket
INFO: TICKET REMOVED :- Ticket [ticketID=28, ticketName=generic ticket, ticketPrice=1000, ticketQuantity=1]. Available number of tickets :- 152
Jan 16, 2025 3:41:45 AM TicketPool removeTicket
INFO: TICKET REMOVED :- Ticket [ticketID=29, ticketName=generic ticket, ticketPrice=1000, ticketQuantity=1]. Available number of tickets :- 151
Jan 16, 2025 3:41:45 AM TicketPool removeTicket
INFO: TICKET REMOVED :- Ticket [ticketID=30, ticketName=generic ticket, ticketPrice=1000, ticketQuantity=1]. Available number of tickets :- 150
Jan 16, 2025 3:41:45 AM Customer run
INFO: Customer 2 buy a ticket
Jan 16, 2025 3:41:45 AM TicketPool removeTicket
INFO: TICKET REMOVED :- Ticket [ticketID=31, ticketName=generic ticket, ticketPrice=1000, ticketQuantity=1]. Available number of tickets :- 149
Jan 16, 2025 3:41:45 AM TicketPool removeTicket
INFO: TICKET REMOVED :- Ticket [ticketID=32, ticketName=generic ticket, ticketPrice=1000, ticketQuantity=1]. Available number of tickets :- 148
Jan 16, 2025 3:41:45 AM TicketPool removeTicket
INFO: TICKET REMOVED :- Ticket [ticketID=33, ticketName=generic ticket, ticketPrice=1000, ticketQuantity=1]. Available number of tickets :- 147
Jan 16, 2025 3:41:45 AM Customer run
INFO: Customer 3 buy a ticket
Jan 16, 2025 3:41:45 AM TicketPool addTickets
INFO: ADDED TICKETS :-  5 TICKETS. NOW POOL SIZE :- 152
Jan 16, 2025 3:41:45 AM Vendor run
INFO: Vendor 4 added 5 tickets.
Jan 16, 2025 3:41:45 AM TicketPool removeTicket
INFO: TICKET REMOVED :- Ticket [ticketID=34, ticketName=generic ticket, ticketPrice=1000, ticketQuantity=1]. Available number of tickets :- 151
Jan 16, 2025 3:41:45 AM TicketPool removeTicket
INFO: TICKET REMOVED :- Ticket [ticketID=35, ticketName=generic ticket, ticketPrice=1000, ticketQuantity=1]. Available number of tickets :- 150
Jan 16, 2025 3:41:45 AM TicketPool removeTicket
INFO: TICKET REMOVED :- Ticket [ticketID=36, ticketName=generic ticket, ticketPrice=1000, ticketQuantity=1]. Available number of tickets :- 149
Jan 16, 2025 3:41:45 AM Customer run
INFO: Customer 1 buy a ticket
Jan 16, 2025 3:41:45 AM TicketPool addTickets
INFO: ADDED TICKETS :-  5 TICKETS. NOW POOL SIZE :- 154
Jan 16, 2025 3:41:45 AM Vendor run
INFO: Vendor 5 added 5 tickets.
Jan 16, 2025 3:41:45 AM TicketPool addTickets
INFO: ADDED TICKETS :-  5 TICKETS. NOW POOL SIZE :- 159
Jan 16, 2025 3:41:45 AM TicketPool addTickets
INFO: ADDED TICKETS :-  5 TICKETS. NOW POOL SIZE :- 164
Jan 16, 2025 3:41:45 AM Vendor run
INFO: Vendor 2 added 5 tickets.
Jan 16, 2025 3:41:45 AM Vendor run
INFO: Vendor 3 added 5 tickets.
Jan 16, 2025 3:41:46 AM TicketPool addTickets
INFO: ADDED TICKETS :-  5 TICKETS. NOW POOL SIZE :- 169
Jan 16, 2025 3:41:46 AM Vendor run
INFO: Vendor 1 added 5 tickets.
Jan 16, 2025 3:41:46 AM TicketPool removeTicket
INFO: TICKET REMOVED :- Ticket [ticketID=37, ticketName=generic ticket, ticketPrice=1000, ticketQuantity=1]. Available number of tickets :- 168
Jan 16, 2025 3:41:46 AM TicketPool removeTicket
INFO: TICKET REMOVED :- Ticket [ticketID=38, ticketName=generic ticket, ticketPrice=1000, ticketQuantity=1]. Available number of tickets :- 167
Jan 16, 2025 3:41:46 AM TicketPool removeTicket
INFO: TICKET REMOVED :- Ticket [ticketID=39, ticketName=generic ticket, ticketPrice=1000, ticketQuantity=1]. Available number of tickets :- 166
Jan 16, 2025 3:41:46 AM Customer run
INFO: Customer 3 buy a ticket
Jan 16, 2025 3:41:46 AM TicketPool addTickets
INFO: ADDED TICKETS :-  5 TICKETS. NOW POOL SIZE :- 171
Jan 16, 2025 3:41:46 AM Vendor run
INFO: Vendor 4 added 5 tickets.
Jan 16, 2025 3:41:46 AM TicketPool removeTicket
INFO: TICKET REMOVED :- Ticket [ticketID=40, ticketName=generic ticket, ticketPrice=1000, ticketQuantity=1]. Available number of tickets :- 170
Jan 16, 2025 3:41:46 AM TicketPool removeTicket
INFO: TICKET REMOVED :- Ticket [ticketID=41, ticketName=generic ticket, ticketPrice=1000, ticketQuantity=1]. Available number of tickets :- 169
Jan 16, 2025 3:41:46 AM TicketPool removeTicket
INFO: TICKET REMOVED :- Ticket [ticketID=42, ticketName=generic ticket, ticketPrice=1000, ticketQuantity=1]. Available number of tickets :- 168
Jan 16, 2025 3:41:46 AM Customer run
INFO: Customer 1 buy a ticket
Jan 16, 2025 3:41:46 AM TicketPool addTickets
INFO: ADDED TICKETS :-  5 TICKETS. NOW POOL SIZE :- 173
Jan 16, 2025 3:41:46 AM Vendor run
INFO: Vendor 5 added 5 tickets.
Jan 16, 2025 3:41:46 AM TicketPool removeTicket
INFO: TICKET REMOVED :- Ticket [ticketID=43, ticketName=generic ticket, ticketPrice=1000, ticketQuantity=1]. Available number of tickets :- 172
Jan 16, 2025 3:41:46 AM TicketPool removeTicket
INFO: TICKET REMOVED :- Ticket [ticketID=44, ticketName=generic ticket, ticketPrice=1000, ticketQuantity=1]. Available number of tickets :- 171
Jan 16, 2025 3:41:46 AM TicketPool removeTicket
INFO: TICKET REMOVED :- Ticket [ticketID=45, ticketName=generic ticket, ticketPrice=1000, ticketQuantity=1]. Available number of tickets :- 170
Jan 16, 2025 3:41:46 AM Customer run
INFO: Customer 2 buy a ticket
Jan 16, 2025 3:41:46 AM TicketPool addTickets
INFO: ADDED TICKETS :-  5 TICKETS. NOW POOL SIZE :- 175
Jan 16, 2025 3:41:46 AM Vendor run
INFO: Vendor 3 added 5 tickets.
Jan 16, 2025 3:41:46 AM TicketPool addTickets
INFO: ADDED TICKETS :-  5 TICKETS. NOW POOL SIZE :- 180
Jan 16, 2025 3:41:46 AM Vendor run
INFO: Vendor 2 added 5 tickets.
Jan 16, 2025 3:41:47 AM TicketPool removeTicket
INFO: TICKET REMOVED :- Ticket [ticketID=46, ticketName=generic ticket, ticketPrice=1000, ticketQuantity=1]. Available number of tickets :- 179
Jan 16, 2025 3:41:47 AM TicketPool removeTicket
INFO: TICKET REMOVED :- Ticket [ticketID=47, ticketName=generic ticket, ticketPrice=1000, ticketQuantity=1]. Available number of tickets :- 178
Jan 16, 2025 3:41:47 AM TicketPool removeTicket
INFO: TICKET REMOVED :- Ticket [ticketID=48, ticketName=generic ticket, ticketPrice=1000, ticketQuantity=1]. Available number of tickets :- 177
Jan 16, 2025 3:41:47 AM TicketPool addTickets
INFO: ADDED TICKETS :-  5 TICKETS. NOW POOL SIZE :- 182
Jan 16, 2025 3:41:47 AM Customer run
INFO: Customer 3 buy a ticket
Jan 16, 2025 3:41:47 AM Vendor run
INFO: Vendor 1 added 5 tickets.
Jan 16, 2025 3:41:47 AM TicketPool addTickets
INFO: ADDED TICKETS :-  5 TICKETS. NOW POOL SIZE :- 187
Jan 16, 2025 3:41:47 AM Vendor run
INFO: Vendor 4 added 5 tickets.
Jan 16, 2025 3:41:47 AM TicketPool removeTicket
INFO: TICKET REMOVED :- Ticket [ticketID=49, ticketName=generic ticket, ticketPrice=1000, ticketQuantity=1]. Available number of tickets :- 186
Jan 16, 2025 3:41:47 AM TicketPool removeTicket
INFO: TICKET REMOVED :- Ticket [ticketID=50, ticketName=generic ticket, ticketPrice=1000, ticketQuantity=1]. Available number of tickets :- 185
Jan 16, 2025 3:41:47 AM TicketPool removeTicket
INFO: TICKET REMOVED :- Ticket [ticketID=51, ticketName=generic ticket, ticketPrice=1000, ticketQuantity=1]. Available number of tickets :- 184
Jan 16, 2025 3:41:47 AM Customer run
INFO: Customer 1 buy a ticket
Jan 16, 2025 3:41:47 AM TicketPool removeTicket
INFO: TICKET REMOVED :- Ticket [ticketID=52, ticketName=generic ticket, ticketPrice=1000, ticketQuantity=1]. Available number of tickets :- 183
Jan 16, 2025 3:41:47 AM TicketPool removeTicket
INFO: TICKET REMOVED :- Ticket [ticketID=53, ticketName=generic ticket, ticketPrice=1000, ticketQuantity=1]. Available number of tickets :- 182
Jan 16, 2025 3:41:47 AM TicketPool removeTicket
INFO: TICKET REMOVED :- Ticket [ticketID=54, ticketName=generic ticket, ticketPrice=1000, ticketQuantity=1]. Available number of tickets :- 181
Jan 16, 2025 3:41:47 AM Customer run
INFO: Customer 2 buy a ticket
Jan 16, 2025 3:41:47 AM TicketPool addTickets
INFO: ADDED TICKETS :-  5 TICKETS. NOW POOL SIZE :- 186
Jan 16, 2025 3:41:47 AM Vendor run
INFO: Vendor 5 added 5 tickets.
Jan 16, 2025 3:41:47 AM TicketPool addTickets
INFO: ADDED TICKETS :-  5 TICKETS. NOW POOL SIZE :- 191
Jan 16, 2025 3:41:47 AM Vendor run
INFO: Vendor 2 added 5 tickets.
Jan 16, 2025 3:41:47 AM TicketPool addTickets
INFO: ADDED TICKETS :-  5 TICKETS. NOW POOL SIZE :- 196
Jan 16, 2025 3:41:47 AM Vendor run
INFO: Vendor 3 added 5 tickets.
Jan 16, 2025 3:41:48 AM TicketPool removeTicket
INFO: TICKET REMOVED :- Ticket [ticketID=55, ticketName=generic ticket, ticketPrice=1000, ticketQuantity=1]. Available number of tickets :- 195
Jan 16, 2025 3:41:48 AM TicketPool removeTicket
INFO: TICKET REMOVED :- Ticket [ticketID=56, ticketName=generic ticket, ticketPrice=1000, ticketQuantity=1]. Available number of tickets :- 194
Jan 16, 2025 3:41:48 AM TicketPool removeTicket
INFO: TICKET REMOVED :- Ticket [ticketID=57, ticketName=generic ticket, ticketPrice=1000, ticketQuantity=1]. Available number of tickets :- 193
Jan 16, 2025 3:41:48 AM Customer run
INFO: Customer 1 buy a ticket
Jan 16, 2025 3:41:48 AM TicketPool removeTicket
INFO: TICKET REMOVED :- Ticket [ticketID=58, ticketName=generic ticket, ticketPrice=1000, ticketQuantity=1]. Available number of tickets :- 192
Jan 16, 2025 3:41:48 AM TicketPool removeTicket
INFO: TICKET REMOVED :- Ticket [ticketID=59, ticketName=generic ticket, ticketPrice=1000, ticketQuantity=1]. Available number of tickets :- 191
Jan 16, 2025 3:41:48 AM TicketPool removeTicket
INFO: TICKET REMOVED :- Ticket [ticketID=60, ticketName=generic ticket, ticketPrice=1000, ticketQuantity=1]. Available number of tickets :- 190
Jan 16, 2025 3:41:48 AM Customer run
INFO: Customer 3 buy a ticket
Jan 16, 2025 3:41:48 AM TicketPool addTickets
INFO: ADDED TICKETS :-  5 TICKETS. NOW POOL SIZE :- 195
Jan 16, 2025 3:41:48 AM Vendor run
INFO: Vendor 1 added 5 tickets.
Jan 16, 2025 3:41:48 AM TicketPool addTickets
INFO: ADDED TICKETS :-  5 TICKETS. NOW POOL SIZE :- 200
Jan 16, 2025 3:41:48 AM Vendor run
INFO: Vendor 4 added 5 tickets.
Jan 16, 2025 3:41:48 AM TicketPool removeTicket
INFO: TICKET REMOVED :- Ticket [ticketID=61, ticketName=generic ticket, ticketPrice=1000, ticketQuantity=1]. Available number of tickets :- 199
Jan 16, 2025 3:41:48 AM TicketPool removeTicket
INFO: TICKET REMOVED :- Ticket [ticketID=62, ticketName=generic ticket, ticketPrice=1000, ticketQuantity=1]. Available number of tickets :- 198
Jan 16, 2025 3:41:48 AM TicketPool removeTicket
INFO: TICKET REMOVED :- Ticket [ticketID=63, ticketName=generic ticket, ticketPrice=1000, ticketQuantity=1]. Available number of tickets :- 197
Jan 16, 2025 3:41:48 AM Customer run
INFO: Customer 2 buy a ticket
Jan 16, 2025 3:41:48 AM TicketPool addTickets
INFO: ADDED TICKETS :-  5 TICKETS. NOW POOL SIZE :- 202
Jan 16, 2025 3:41:48 AM Vendor run
INFO: Vendor 5 added 5 tickets.
Jan 16, 2025 3:41:48 AM TicketPool addTickets
INFO: ADDED TICKETS :-  5 TICKETS. NOW POOL SIZE :- 207
Jan 16, 2025 3:41:48 AM Vendor run
INFO: Vendor 3 added 5 tickets.
Jan 16, 2025 3:41:48 AM TicketPool addTickets
INFO: ADDED TICKETS :-  5 TICKETS. NOW POOL SIZE :- 212
Jan 16, 2025 3:41:48 AM Vendor run
INFO: Vendor 2 added 5 tickets.
Jan 16, 2025 3:41:49 AM TicketPool removeTicket
INFO: TICKET REMOVED :- Ticket [ticketID=64, ticketName=generic ticket, ticketPrice=1000, ticketQuantity=1]. Available number of tickets :- 211
Jan 16, 2025 3:41:49 AM TicketPool removeTicket
INFO: TICKET REMOVED :- Ticket [ticketID=65, ticketName=generic ticket, ticketPrice=1000, ticketQuantity=1]. Available number of tickets :- 210
Jan 16, 2025 3:41:49 AM TicketPool removeTicket
INFO: TICKET REMOVED :- Ticket [ticketID=66, ticketName=generic ticket, ticketPrice=1000, ticketQuantity=1]. Available number of tickets :- 209
Jan 16, 2025 3:41:49 AM Customer run
INFO: Customer 1 buy a ticket
Jan 16, 2025 3:41:49 AM TicketPool removeTicket
INFO: TICKET REMOVED :- Ticket [ticketID=67, ticketName=generic ticket, ticketPrice=1000, ticketQuantity=1]. Available number of tickets :- 208
Jan 16, 2025 3:41:49 AM TicketPool removeTicket
INFO: TICKET REMOVED :- Ticket [ticketID=68, ticketName=generic ticket, ticketPrice=1000, ticketQuantity=1]. Available number of tickets :- 207
Jan 16, 2025 3:41:49 AM TicketPool removeTicket
INFO: TICKET REMOVED :- Ticket [ticketID=69, ticketName=generic ticket, ticketPrice=1000, ticketQuantity=1]. Available number of tickets :- 206
Jan 16, 2025 3:41:49 AM Customer run
INFO: Customer 3 buy a ticket
Jan 16, 2025 3:41:49 AM TicketPool addTickets
INFO: ADDED TICKETS :-  5 TICKETS. NOW POOL SIZE :- 211
Jan 16, 2025 3:41:49 AM TicketPool addTickets
INFO: ADDED TICKETS :-  5 TICKETS. NOW POOL SIZE :- 216
Jan 16, 2025 3:41:49 AM Vendor run
INFO: Vendor 1 added 5 tickets.
Jan 16, 2025 3:41:49 AM Vendor run
INFO: Vendor 4 added 5 tickets.
Jan 16, 2025 3:41:49 AM TicketPool addTickets
INFO: ADDED TICKETS :-  5 TICKETS. NOW POOL SIZE :- 221
Jan 16, 2025 3:41:49 AM Vendor run
INFO: Vendor 5 added 5 tickets.
Jan 16, 2025 3:41:49 AM TicketPool removeTicket
INFO: TICKET REMOVED :- Ticket [ticketID=70, ticketName=generic ticket, ticketPrice=1000, ticketQuantity=1]. Available number of tickets :- 220
Jan 16, 2025 3:41:49 AM TicketPool removeTicket
INFO: TICKET REMOVED :- Ticket [ticketID=71, ticketName=generic ticket, ticketPrice=1000, ticketQuantity=1]. Available number of tickets :- 219
Jan 16, 2025 3:41:49 AM TicketPool removeTicket
INFO: TICKET REMOVED :- Ticket [ticketID=72, ticketName=generic ticket, ticketPrice=1000, ticketQuantity=1]. Available number of tickets :- 218
Jan 16, 2025 3:41:49 AM Customer run
INFO: Customer 2 buy a ticket
Jan 16, 2025 3:41:49 AM TicketPool addTickets
INFO: ADDED TICKETS :-  5 TICKETS. NOW POOL SIZE :- 223
Jan 16, 2025 3:41:49 AM TicketPool addTickets
INFO: ADDED TICKETS :-  5 TICKETS. NOW POOL SIZE :- 228
Jan 16, 2025 3:41:49 AM Vendor run
INFO: Vendor 2 added 5 tickets.
Jan 16, 2025 3:41:49 AM Vendor run
INFO: Vendor 3 added 5 tickets.
Jan 16, 2025 3:41:50 AM TicketPool removeTicket
INFO: TICKET REMOVED :- Ticket [ticketID=73, ticketName=generic ticket, ticketPrice=1000, ticketQuantity=1]. Available number of tickets :- 227
Jan 16, 2025 3:41:50 AM TicketPool removeTicket
INFO: TICKET REMOVED :- Ticket [ticketID=74, ticketName=generic ticket, ticketPrice=1000, ticketQuantity=1]. Available number of tickets :- 226
Jan 16, 2025 3:41:50 AM TicketPool removeTicket
INFO: TICKET REMOVED :- Ticket [ticketID=75, ticketName=generic ticket, ticketPrice=1000, ticketQuantity=1]. Available number of tickets :- 225
Jan 16, 2025 3:41:50 AM Customer run
INFO: Customer 3 buy a ticket
Jan 16, 2025 3:41:50 AM TicketPool removeTicket
INFO: TICKET REMOVED :- Ticket [ticketID=76, ticketName=generic ticket, ticketPrice=1000, ticketQuantity=1]. Available number of tickets :- 224
Jan 16, 2025 3:41:50 AM TicketPool removeTicket
INFO: TICKET REMOVED :- Ticket [ticketID=77, ticketName=generic ticket, ticketPrice=1000, ticketQuantity=1]. Available number of tickets :- 223
Jan 16, 2025 3:41:50 AM TicketPool removeTicket
INFO: TICKET REMOVED :- Ticket [ticketID=78, ticketName=generic ticket, ticketPrice=1000, ticketQuantity=1]. Available number of tickets :- 222
Jan 16, 2025 3:41:50 AM Customer run
INFO: Customer 1 buy a ticket
Jan 16, 2025 3:41:50 AM TicketPool addTickets
INFO: ADDED TICKETS :-  5 TICKETS. NOW POOL SIZE :- 227
Jan 16, 2025 3:41:50 AM Vendor run
INFO: Vendor 4 added 5 tickets.
Jan 16, 2025 3:41:50 AM TicketPool addTickets
INFO: ADDED TICKETS :-  5 TICKETS. NOW POOL SIZE :- 232
Jan 16, 2025 3:41:50 AM Vendor run
INFO: Vendor 1 added 5 tickets.
Jan 16, 2025 3:41:50 AM TicketPool removeTicket
INFO: TICKET REMOVED :- Ticket [ticketID=79, ticketName=generic ticket, ticketPrice=1000, ticketQuantity=1]. Available number of tickets :- 231
Jan 16, 2025 3:41:50 AM TicketPool removeTicket
INFO: TICKET REMOVED :- Ticket [ticketID=80, ticketName=generic ticket, ticketPrice=1000, ticketQuantity=1]. Available number of tickets :- 230
Jan 16, 2025 3:41:50 AM TicketPool removeTicket
INFO: TICKET REMOVED :- Ticket [ticketID=81, ticketName=generic ticket, ticketPrice=1000, ticketQuantity=1]. Available number of tickets :- 229
Jan 16, 2025 3:41:50 AM Customer run
INFO: Customer 2 buy a ticket
Jan 16, 2025 3:41:50 AM TicketPool addTickets
INFO: ADDED TICKETS :-  5 TICKETS. NOW POOL SIZE :- 234
Jan 16, 2025 3:41:50 AM Vendor run
INFO: Vendor 5 added 5 tickets.
Jan 16, 2025 3:41:50 AM TicketPool addTickets
INFO: ADDED TICKETS :-  5 TICKETS. NOW POOL SIZE :- 239
Jan 16, 2025 3:41:50 AM TicketPool addTickets
INFO: ADDED TICKETS :-  5 TICKETS. NOW POOL SIZE :- 244
Jan 16, 2025 3:41:50 AM Vendor run
INFO: Vendor 2 added 5 tickets.
Jan 16, 2025 3:41:50 AM Vendor run
INFO: Vendor 3 added 5 tickets.
Jan 16, 2025 3:41:51 AM TicketPool removeTicket
INFO: TICKET REMOVED :- Ticket [ticketID=82, ticketName=generic ticket, ticketPrice=1000, ticketQuantity=1]. Available number of tickets :- 243
Jan 16, 2025 3:41:51 AM TicketPool removeTicket
INFO: TICKET REMOVED :- Ticket [ticketID=83, ticketName=generic ticket, ticketPrice=1000, ticketQuantity=1]. Available number of tickets :- 242
Jan 16, 2025 3:41:51 AM TicketPool removeTicket
INFO: TICKET REMOVED :- Ticket [ticketID=84, ticketName=generic ticket, ticketPrice=1000, ticketQuantity=1]. Available number of tickets :- 241
Jan 16, 2025 3:41:51 AM Customer run
INFO: Customer 1 buy a ticket
Jan 16, 2025 3:41:51 AM TicketPool removeTicket
INFO: TICKET REMOVED :- Ticket [ticketID=85, ticketName=generic ticket, ticketPrice=1000, ticketQuantity=1]. Available number of tickets :- 240
Jan 16, 2025 3:41:51 AM TicketPool removeTicket
INFO: TICKET REMOVED :- Ticket [ticketID=86, ticketName=generic ticket, ticketPrice=1000, ticketQuantity=1]. Available number of tickets :- 239
Jan 16, 2025 3:41:51 AM TicketPool removeTicket
INFO: TICKET REMOVED :- Ticket [ticketID=87, ticketName=generic ticket, ticketPrice=1000, ticketQuantity=1]. Available number of tickets :- 238
Jan 16, 2025 3:41:51 AM Customer run
INFO: Customer 3 buy a ticket
Jan 16, 2025 3:41:51 AM TicketPool addTickets
INFO: ADDED TICKETS :-  5 TICKETS. NOW POOL SIZE :- 243
Jan 16, 2025 3:41:51 AM TicketPool addTickets
INFO: ADDED TICKETS :-  5 TICKETS. NOW POOL SIZE :- 248
Jan 16, 2025 3:41:51 AM Vendor run
INFO: Vendor 1 added 5 tickets.
Jan 16, 2025 3:41:51 AM Vendor run
INFO: Vendor 4 added 5 tickets.
Jan 16, 2025 3:41:51 AM TicketPool removeTicket
INFO: TICKET REMOVED :- Ticket [ticketID=88, ticketName=generic ticket, ticketPrice=1000, ticketQuantity=1]. Available number of tickets :- 247
Jan 16, 2025 3:41:51 AM TicketPool removeTicket
INFO: TICKET REMOVED :- Ticket [ticketID=89, ticketName=generic ticket, ticketPrice=1000, ticketQuantity=1]. Available number of tickets :- 246
Jan 16, 2025 3:41:51 AM TicketPool removeTicket
INFO: TICKET REMOVED :- Ticket [ticketID=90, ticketName=generic ticket, ticketPrice=1000, ticketQuantity=1]. Available number of tickets :- 245
Jan 16, 2025 3:41:51 AM Customer run
INFO: Customer 2 buy a ticket
Jan 16, 2025 3:41:51 AM TicketPool addTickets
INFO: ADDED TICKETS :-  5 TICKETS. NOW POOL SIZE :- 250
Jan 16, 2025 3:41:51 AM Vendor run
INFO: Vendor 5 added 5 tickets.
Jan 16, 2025 3:41:51 AM TicketPool addTickets
INFO: ADDED TICKETS :-  5 TICKETS. NOW POOL SIZE :- 255
Jan 16, 2025 3:41:51 AM TicketPool addTickets
INFO: ADDED TICKETS :-  5 TICKETS. NOW POOL SIZE :- 260
Jan 16, 2025 3:41:51 AM Vendor run
INFO: Vendor 2 added 5 tickets.
Jan 16, 2025 3:41:51 AM Vendor run
INFO: Vendor 3 added 5 tickets.
Jan 16, 2025 3:41:52 AM TicketPool removeTicket
INFO: TICKET REMOVED :- Ticket [ticketID=91, ticketName=generic ticket, ticketPrice=1000, ticketQuantity=1]. Available number of tickets :- 259
Jan 16, 2025 3:41:52 AM TicketPool removeTicket
INFO: TICKET REMOVED :- Ticket [ticketID=92, ticketName=generic ticket, ticketPrice=1000, ticketQuantity=1]. Available number of tickets :- 258
Jan 16, 2025 3:41:52 AM TicketPool removeTicket
INFO: TICKET REMOVED :- Ticket [ticketID=93, ticketName=generic ticket, ticketPrice=1000, ticketQuantity=1]. Available number of tickets :- 257
Jan 16, 2025 3:41:52 AM Customer run
INFO: Customer 1 buy a ticket
Jan 16, 2025 3:41:52 AM TicketPool removeTicket
INFO: TICKET REMOVED :- Ticket [ticketID=94, ticketName=generic ticket, ticketPrice=1000, ticketQuantity=1]. Available number of tickets :- 256
Jan 16, 2025 3:41:52 AM TicketPool removeTicket
INFO: TICKET REMOVED :- Ticket [ticketID=95, ticketName=generic ticket, ticketPrice=1000, ticketQuantity=1]. Available number of tickets :- 255
Jan 16, 2025 3:41:52 AM TicketPool removeTicket
INFO: TICKET REMOVED :- Ticket [ticketID=96, ticketName=generic ticket, ticketPrice=1000, ticketQuantity=1]. Available number of tickets :- 254
Jan 16, 2025 3:41:52 AM Customer run
INFO: Customer 3 buy a ticket
Jan 16, 2025 3:41:52 AM TicketPool addTickets
INFO: ADDED TICKETS :-  5 TICKETS. NOW POOL SIZE :- 259
Jan 16, 2025 3:41:52 AM Vendor run
INFO: Vendor 1 added 5 tickets.
Jan 16, 2025 3:41:52 AM TicketPool addTickets
INFO: ADDED TICKETS :-  5 TICKETS. NOW POOL SIZE :- 264
Jan 16, 2025 3:41:52 AM Vendor run
INFO: Vendor 4 added 5 tickets.
Jan 16, 2025 3:41:52 AM TicketPool removeTicket
INFO: TICKET REMOVED :- Ticket [ticketID=97, ticketName=generic ticket, ticketPrice=1000, ticketQuantity=1]. Available number of tickets :- 263
Jan 16, 2025 3:41:52 AM TicketPool removeTicket
INFO: TICKET REMOVED :- Ticket [ticketID=98, ticketName=generic ticket, ticketPrice=1000, ticketQuantity=1]. Available number of tickets :- 262
Jan 16, 2025 3:41:52 AM TicketPool removeTicket
INFO: TICKET REMOVED :- Ticket [ticketID=99, ticketName=generic ticket, ticketPrice=1000, ticketQuantity=1]. Available number of tickets :- 261
Jan 16, 2025 3:41:52 AM Customer run
INFO: Customer 2 buy a ticket
Jan 16, 2025 3:41:52 AM TicketPool addTickets
INFO: ADDED TICKETS :-  5 TICKETS. NOW POOL SIZE :- 266
Jan 16, 2025 3:41:52 AM Vendor run
INFO: Vendor 5 added 5 tickets.
Jan 16, 2025 3:41:52 AM TicketPool addTickets
INFO: ADDED TICKETS :-  5 TICKETS. NOW POOL SIZE :- 271
Jan 16, 2025 3:41:52 AM TicketPool addTickets
INFO: ADDED TICKETS :-  5 TICKETS. NOW POOL SIZE :- 276
Jan 16, 2025 3:41:52 AM Vendor run
INFO: Vendor 3 added 5 tickets.
Jan 16, 2025 3:41:52 AM Vendor run
INFO: Vendor 2 added 5 tickets.
Jan 16, 2025 3:41:53 AM TicketPool removeTicket
INFO: TICKET REMOVED :- Ticket [ticketID=100, ticketName=generic ticket, ticketPrice=1000, ticketQuantity=1]. Available number of tickets :- 275
Jan 16, 2025 3:41:53 AM TicketPool removeTicket
INFO: TICKET REMOVED :- Ticket [ticketID=101, ticketName=super ticket, ticketPrice=1000, ticketQuantity=1]. Available number of tickets :- 274
Jan 16, 2025 3:41:53 AM TicketPool removeTicket
INFO: TICKET REMOVED :- Ticket [ticketID=102, ticketName=super ticket, ticketPrice=1000, ticketQuantity=1]. Available number of tickets :- 273
Jan 16, 2025 3:41:53 AM Customer run
INFO: Customer 1 buy a ticket
Jan 16, 2025 3:41:53 AM TicketPool removeTicket
INFO: TICKET REMOVED :- Ticket [ticketID=103, ticketName=super ticket, ticketPrice=1000, ticketQuantity=1]. Available number of tickets :- 272
Jan 16, 2025 3:41:53 AM TicketPool removeTicket
INFO: TICKET REMOVED :- Ticket [ticketID=104, ticketName=super ticket, ticketPrice=1000, ticketQuantity=1]. Available number of tickets :- 271
Jan 16, 2025 3:41:53 AM TicketPool removeTicket
INFO: TICKET REMOVED :- Ticket [ticketID=105, ticketName=super ticket, ticketPrice=1000, ticketQuantity=1]. Available number of tickets :- 270
Jan 16, 2025 3:41:53 AM Customer run
INFO: Customer 3 buy a ticket
Jan 16, 2025 3:41:53 AM TicketPool addTickets
INFO: ADDED TICKETS :-  5 TICKETS. NOW POOL SIZE :- 275
Jan 16, 2025 3:41:53 AM Vendor run
INFO: Vendor 5 added 5 tickets.
Jan 16, 2025 3:41:53 AM TicketPool addTickets
INFO: ADDED TICKETS :-  5 TICKETS. NOW POOL SIZE :- 280
Jan 16, 2025 3:41:53 AM TicketPool addTickets
INFO: ADDED TICKETS :-  5 TICKETS. NOW POOL SIZE :- 285
Jan 16, 2025 3:41:53 AM Vendor run
INFO: Vendor 4 added 5 tickets.
Jan 16, 2025 3:41:53 AM Vendor run
INFO: Vendor 1 added 5 tickets.
Jan 16, 2025 3:41:53 AM TicketPool removeTicket
INFO: TICKET REMOVED :- Ticket [ticketID=106, ticketName=super ticket, ticketPrice=1000, ticketQuantity=1]. Available number of tickets :- 284
Jan 16, 2025 3:41:53 AM TicketPool removeTicket
INFO: TICKET REMOVED :- Ticket [ticketID=107, ticketName=super ticket, ticketPrice=1000, ticketQuantity=1]. Available number of tickets :- 283
Jan 16, 2025 3:41:53 AM TicketPool removeTicket
INFO: TICKET REMOVED :- Ticket [ticketID=108, ticketName=super ticket, ticketPrice=1000, ticketQuantity=1]. Available number of tickets :- 282
Jan 16, 2025 3:41:53 AM Customer run
INFO: Customer 2 buy a ticket
Jan 16, 2025 3:41:53 AM TicketPool addTickets
INFO: ADDED TICKETS :-  5 TICKETS. NOW POOL SIZE :- 287
Jan 16, 2025 3:41:53 AM Vendor run
INFO: Vendor 3 added 5 tickets.
Jan 16, 2025 3:41:53 AM TicketPool addTickets
INFO: ADDED TICKETS :-  5 TICKETS. NOW POOL SIZE :- 292
Jan 16, 2025 3:41:53 AM Vendor run
INFO: Vendor 2 added 5 tickets.
Jan 16, 2025 3:41:54 AM TicketPool removeTicket
INFO: TICKET REMOVED :- Ticket [ticketID=109, ticketName=super ticket, ticketPrice=1000, ticketQuantity=1]. Available number of tickets :- 291
Jan 16, 2025 3:41:54 AM TicketPool removeTicket
INFO: TICKET REMOVED :- Ticket [ticketID=110, ticketName=super ticket, ticketPrice=1000, ticketQuantity=1]. Available number of tickets :- 290
Jan 16, 2025 3:41:54 AM TicketPool removeTicket
INFO: TICKET REMOVED :- Ticket [ticketID=111, ticketName=super ticket, ticketPrice=1000, ticketQuantity=1]. Available number of tickets :- 289
Jan 16, 2025 3:41:54 AM Customer run
INFO: Customer 1 buy a ticket
Jan 16, 2025 3:41:54 AM TicketPool removeTicket
INFO: TICKET REMOVED :- Ticket [ticketID=112, ticketName=super ticket, ticketPrice=1000, ticketQuantity=1]. Available number of tickets :- 288
Jan 16, 2025 3:41:54 AM TicketPool removeTicket
INFO: TICKET REMOVED :- Ticket [ticketID=113, ticketName=super ticket, ticketPrice=1000, ticketQuantity=1]. Available number of tickets :- 287
Jan 16, 2025 3:41:54 AM TicketPool removeTicket
INFO: TICKET REMOVED :- Ticket [ticketID=114, ticketName=super ticket, ticketPrice=1000, ticketQuantity=1]. Available number of tickets :- 286
Jan 16, 2025 3:41:54 AM Customer run
INFO: Customer 3 buy a ticket
Jan 16, 2025 3:41:54 AM TicketPool addTickets
INFO: ADDED TICKETS :-  5 TICKETS. NOW POOL SIZE :- 291
Jan 16, 2025 3:41:54 AM Vendor run
INFO: Vendor 5 added 5 tickets.
Jan 16, 2025 3:41:54 AM TicketPool addTickets
INFO: ADDED TICKETS :-  5 TICKETS. NOW POOL SIZE :- 296
Jan 16, 2025 3:41:54 AM Vendor run
INFO: Vendor 4 added 5 tickets.
Jan 16, 2025 3:41:54 AM TicketPool removeTicket
INFO: TICKET REMOVED :- Ticket [ticketID=115, ticketName=super ticket, ticketPrice=1000, ticketQuantity=1]. Available number of tickets :- 295
Jan 16, 2025 3:41:54 AM TicketPool removeTicket
INFO: TICKET REMOVED :- Ticket [ticketID=116, ticketName=super ticket, ticketPrice=1000, ticketQuantity=1]. Available number of tickets :- 294
Jan 16, 2025 3:41:54 AM TicketPool removeTicket
INFO: TICKET REMOVED :- Ticket [ticketID=117, ticketName=super ticket, ticketPrice=1000, ticketQuantity=1]. Available number of tickets :- 293
Jan 16, 2025 3:41:54 AM Customer run
INFO: Customer 2 buy a ticket
Jan 16, 2025 3:41:54 AM TicketPool addTickets
INFO: ADDED TICKETS :-  5 TICKETS. NOW POOL SIZE :- 298
Jan 16, 2025 3:41:54 AM Vendor run
INFO: Vendor 1 added 5 tickets.
Jan 16, 2025 3:41:54 AM TicketPool addTickets
INFO: ADDED TICKETS :-  5 TICKETS. NOW POOL SIZE :- 303
Jan 16, 2025 3:41:54 AM Vendor run
INFO: Vendor 2 added 5 tickets.
Jan 16, 2025 3:41:54 AM TicketPool addTickets
INFO: ADDED TICKETS :-  5 TICKETS. NOW POOL SIZE :- 308
Jan 16, 2025 3:41:54 AM Vendor run
INFO: Vendor 3 added 5 tickets.
Jan 16, 2025 3:41:55 AM TicketPool removeTicket
INFO: TICKET REMOVED :- Ticket [ticketID=118, ticketName=super ticket, ticketPrice=1000, ticketQuantity=1]. Available number of tickets :- 307
Jan 16, 2025 3:41:55 AM TicketPool removeTicket
INFO: TICKET REMOVED :- Ticket [ticketID=119, ticketName=super ticket, ticketPrice=1000, ticketQuantity=1]. Available number of tickets :- 306
Jan 16, 2025 3:41:55 AM TicketPool removeTicket
INFO: TICKET REMOVED :- Ticket [ticketID=120, ticketName=super ticket, ticketPrice=1000, ticketQuantity=1]. Available number of tickets :- 305
Jan 16, 2025 3:41:55 AM Customer run
INFO: Customer 1 buy a ticket
Jan 16, 2025 3:41:55 AM TicketPool removeTicket
INFO: TICKET REMOVED :- Ticket [ticketID=121, ticketName=super ticket, ticketPrice=1000, ticketQuantity=1]. Available number of tickets :- 304
Jan 16, 2025 3:41:55 AM TicketPool removeTicket
INFO: TICKET REMOVED :- Ticket [ticketID=122, ticketName=super ticket, ticketPrice=1000, ticketQuantity=1]. Available number of tickets :- 303
Jan 16, 2025 3:41:55 AM TicketPool removeTicket
INFO: TICKET REMOVED :- Ticket [ticketID=123, ticketName=super ticket, ticketPrice=1000, ticketQuantity=1]. Available number of tickets :- 302
Jan 16, 2025 3:41:55 AM Customer run
INFO: Customer 3 buy a ticket
Jan 16, 2025 3:41:55 AM TicketPool addTickets
INFO: ADDED TICKETS :-  5 TICKETS. NOW POOL SIZE :- 307
Jan 16, 2025 3:41:55 AM Vendor run
INFO: Vendor 4 added 5 tickets.
Jan 16, 2025 3:41:55 AM TicketPool addTickets
INFO: ADDED TICKETS :-  5 TICKETS. NOW POOL SIZE :- 312
Jan 16, 2025 3:41:55 AM Vendor run
INFO: Vendor 5 added 5 tickets.
Jan 16, 2025 3:41:55 AM TicketPool removeTicket
INFO: TICKET REMOVED :- Ticket [ticketID=124, ticketName=super ticket, ticketPrice=1000, ticketQuantity=1]. Available number of tickets :- 311
Jan 16, 2025 3:41:55 AM TicketPool removeTicket
INFO: TICKET REMOVED :- Ticket [ticketID=125, ticketName=super ticket, ticketPrice=1000, ticketQuantity=1]. Available number of tickets :- 310
Jan 16, 2025 3:41:55 AM TicketPool removeTicket
INFO: TICKET REMOVED :- Ticket [ticketID=126, ticketName=super ticket, ticketPrice=1000, ticketQuantity=1]. Available number of tickets :- 309
Jan 16, 2025 3:41:55 AM Customer run
INFO: Customer 2 buy a ticket
Jan 16, 2025 3:41:55 AM TicketPool addTickets
INFO: ADDED TICKETS :-  5 TICKETS. NOW POOL SIZE :- 314
Jan 16, 2025 3:41:55 AM Vendor run
INFO: Vendor 1 added 5 tickets.
Jan 16, 2025 3:41:55 AM TicketPool addTickets
INFO: ADDED TICKETS :-  5 TICKETS. NOW POOL SIZE :- 319
Jan 16, 2025 3:41:55 AM Vendor run
INFO: Vendor 3 added 5 tickets.
Jan 16, 2025 3:41:55 AM TicketPool addTickets
INFO: ADDED TICKETS :-  5 TICKETS. NOW POOL SIZE :- 324
Jan 16, 2025 3:41:55 AM Vendor run
INFO: Vendor 2 added 5 tickets.
Jan 16, 2025 3:41:56 AM TicketPool removeTicket
INFO: TICKET REMOVED :- Ticket [ticketID=127, ticketName=super ticket, ticketPrice=1000, ticketQuantity=1]. Available number of tickets :- 323
Jan 16, 2025 3:41:56 AM TicketPool removeTicket
INFO: TICKET REMOVED :- Ticket [ticketID=128, ticketName=super ticket, ticketPrice=1000, ticketQuantity=1]. Available number of tickets :- 322
Jan 16, 2025 3:41:56 AM TicketPool removeTicket
INFO: TICKET REMOVED :- Ticket [ticketID=129, ticketName=super ticket, ticketPrice=1000, ticketQuantity=1]. Available number of tickets :- 321
Jan 16, 2025 3:41:56 AM Customer run
INFO: Customer 1 buy a ticket
Jan 16, 2025 3:41:56 AM TicketPool addTickets
INFO: ADDED TICKETS :-  5 TICKETS. NOW POOL SIZE :- 326
Jan 16, 2025 3:41:56 AM TicketPool removeTicket
INFO: TICKET REMOVED :- Ticket [ticketID=130, ticketName=super ticket, ticketPrice=1000, ticketQuantity=1]. Available number of tickets :- 325
Jan 16, 2025 3:41:56 AM Vendor run
INFO: Vendor 4 added 5 tickets.
Jan 16, 2025 3:41:56 AM TicketPool removeTicket
INFO: TICKET REMOVED :- Ticket [ticketID=131, ticketName=super ticket, ticketPrice=1000, ticketQuantity=1]. Available number of tickets :- 324
Jan 16, 2025 3:41:56 AM TicketPool removeTicket
INFO: TICKET REMOVED :- Ticket [ticketID=132, ticketName=super ticket, ticketPrice=1000, ticketQuantity=1]. Available number of tickets :- 323
Jan 16, 2025 3:41:56 AM Customer run
INFO: Customer 3 buy a ticket
Jan 16, 2025 3:41:56 AM TicketPool addTickets
INFO: ADDED TICKETS :-  5 TICKETS. NOW POOL SIZE :- 328
Jan 16, 2025 3:41:56 AM Vendor run
INFO: Vendor 5 added 5 tickets.
Jan 16, 2025 3:41:56 AM TicketPool removeTicket
INFO: TICKET REMOVED :- Ticket [ticketID=133, ticketName=super ticket, ticketPrice=1000, ticketQuantity=1]. Available number of tickets :- 327
Jan 16, 2025 3:41:56 AM TicketPool removeTicket
INFO: TICKET REMOVED :- Ticket [ticketID=134, ticketName=super ticket, ticketPrice=1000, ticketQuantity=1]. Available number of tickets :- 326
Jan 16, 2025 3:41:56 AM TicketPool removeTicket
INFO: TICKET REMOVED :- Ticket [ticketID=135, ticketName=super ticket, ticketPrice=1000, ticketQuantity=1]. Available number of tickets :- 325
Jan 16, 2025 3:41:56 AM Customer run
INFO: Customer 2 buy a ticket
Jan 16, 2025 3:41:56 AM TicketPool addTickets
INFO: ADDED TICKETS :-  5 TICKETS. NOW POOL SIZE :- 330
Jan 16, 2025 3:41:56 AM Vendor run
INFO: Vendor 1 added 5 tickets.
Jan 16, 2025 3:41:56 AM TicketPool addTickets
INFO: ADDED TICKETS :-  5 TICKETS. NOW POOL SIZE :- 335
Jan 16, 2025 3:41:56 AM TicketPool addTickets
INFO: ADDED TICKETS :-  5 TICKETS. NOW POOL SIZE :- 340
Jan 16, 2025 3:41:56 AM Vendor run
INFO: Vendor 3 added 5 tickets.
Jan 16, 2025 3:41:56 AM Vendor run
INFO: Vendor 2 added 5 tickets.
Jan 16, 2025 3:41:57 AM TicketPool removeTicket
INFO: TICKET REMOVED :- Ticket [ticketID=136, ticketName=super ticket, ticketPrice=1000, ticketQuantity=1]. Available number of tickets :- 339
Jan 16, 2025 3:41:57 AM TicketPool removeTicket
INFO: TICKET REMOVED :- Ticket [ticketID=137, ticketName=super ticket, ticketPrice=1000, ticketQuantity=1]. Available number of tickets :- 338
Jan 16, 2025 3:41:57 AM TicketPool removeTicket
INFO: TICKET REMOVED :- Ticket [ticketID=138, ticketName=super ticket, ticketPrice=1000, ticketQuantity=1]. Available number of tickets :- 337
Jan 16, 2025 3:41:57 AM Customer run
INFO: Customer 1 buy a ticket
Jan 16, 2025 3:41:57 AM TicketPool removeTicket
INFO: TICKET REMOVED :- Ticket [ticketID=139, ticketName=super ticket, ticketPrice=1000, ticketQuantity=1]. Available number of tickets :- 336
Jan 16, 2025 3:41:57 AM TicketPool removeTicket
INFO: TICKET REMOVED :- Ticket [ticketID=140, ticketName=super ticket, ticketPrice=1000, ticketQuantity=1]. Available number of tickets :- 335
Jan 16, 2025 3:41:57 AM TicketPool removeTicket
INFO: TICKET REMOVED :- Ticket [ticketID=141, ticketName=super ticket, ticketPrice=1000, ticketQuantity=1]. Available number of tickets :- 334
Jan 16, 2025 3:41:57 AM Customer run
INFO: Customer 2 buy a ticket
Jan 16, 2025 3:41:57 AM TicketPool addTickets
INFO: ADDED TICKETS :-  5 TICKETS. NOW POOL SIZE :- 339
Jan 16, 2025 3:41:57 AM Vendor run
INFO: Vendor 4 added 5 tickets.
Jan 16, 2025 3:41:57 AM TicketPool removeTicket
INFO: TICKET REMOVED :- Ticket [ticketID=142, ticketName=super ticket, ticketPrice=1000, ticketQuantity=1]. Available number of tickets :- 338
Jan 16, 2025 3:41:57 AM TicketPool removeTicket
INFO: TICKET REMOVED :- Ticket [ticketID=143, ticketName=super ticket, ticketPrice=1000, ticketQuantity=1]. Available number of tickets :- 337
Jan 16, 2025 3:41:57 AM TicketPool removeTicket
INFO: TICKET REMOVED :- Ticket [ticketID=144, ticketName=super ticket, ticketPrice=1000, ticketQuantity=1]. Available number of tickets :- 336
Jan 16, 2025 3:41:57 AM Customer run
INFO: Customer 3 buy a ticket
Jan 16, 2025 3:41:57 AM TicketPool addTickets
INFO: ADDED TICKETS :-  5 TICKETS. NOW POOL SIZE :- 341
Jan 16, 2025 3:41:57 AM Vendor run
INFO: Vendor 5 added 5 tickets.
Jan 16, 2025 3:41:57 AM TicketPool addTickets
INFO: ADDED TICKETS :-  5 TICKETS. NOW POOL SIZE :- 346
Jan 16, 2025 3:41:57 AM Vendor run
INFO: Vendor 1 added 5 tickets.
Jan 16, 2025 3:41:57 AM TicketPool addTickets
INFO: ADDED TICKETS :-  5 TICKETS. NOW POOL SIZE :- 351
Jan 16, 2025 3:41:57 AM TicketPool addTickets
INFO: ADDED TICKETS :-  5 TICKETS. NOW POOL SIZE :- 356
Jan 16, 2025 3:41:57 AM Vendor run
INFO: Vendor 2 added 5 tickets.
Jan 16, 2025 3:41:57 AM Vendor run
INFO: Vendor 3 added 5 tickets.
Jan 16, 2025 3:41:58 AM TicketPool removeTicket
INFO: TICKET REMOVED :- Ticket [ticketID=145, ticketName=super ticket, ticketPrice=1000, ticketQuantity=1]. Available number of tickets :- 355
Jan 16, 2025 3:41:58 AM TicketPool removeTicket
INFO: TICKET REMOVED :- Ticket [ticketID=146, ticketName=super ticket, ticketPrice=1000, ticketQuantity=1]. Available number of tickets :- 354
Jan 16, 2025 3:41:58 AM TicketPool removeTicket
INFO: TICKET REMOVED :- Ticket [ticketID=147, ticketName=super ticket, ticketPrice=1000, ticketQuantity=1]. Available number of tickets :- 353
Jan 16, 2025 3:41:58 AM Customer run
INFO: Customer 1 buy a ticket
Jan 16, 2025 3:41:58 AM TicketPool removeTicket
INFO: TICKET REMOVED :- Ticket [ticketID=148, ticketName=super ticket, ticketPrice=1000, ticketQuantity=1]. Available number of tickets :- 352
Jan 16, 2025 3:41:58 AM TicketPool removeTicket
INFO: TICKET REMOVED :- Ticket [ticketID=149, ticketName=super ticket, ticketPrice=1000, ticketQuantity=1]. Available number of tickets :- 351
Jan 16, 2025 3:41:58 AM TicketPool removeTicket
INFO: TICKET REMOVED :- Ticket [ticketID=150, ticketName=super ticket, ticketPrice=1000, ticketQuantity=1]. Available number of tickets :- 350
Jan 16, 2025 3:41:58 AM TicketPool removeTicket
INFO: TICKET REMOVED :- Ticket [ticketID=151, ticketName=super ticket, ticketPrice=1000, ticketQuantity=1]. Available number of tickets :- 349
Jan 16, 2025 3:41:58 AM Customer run
INFO: Customer 2 buy a ticket
Jan 16, 2025 3:41:58 AM TicketPool removeTicket
INFO: TICKET REMOVED :- Ticket [ticketID=152, ticketName=super ticket, ticketPrice=1000, ticketQuantity=1]. Available number of tickets :- 348
Jan 16, 2025 3:41:58 AM TicketPool removeTicket
INFO: TICKET REMOVED :- Ticket [ticketID=153, ticketName=super ticket, ticketPrice=1000, ticketQuantity=1]. Available number of tickets :- 347
Jan 16, 2025 3:41:58 AM Customer run
INFO: Customer 3 buy a ticket
Jan 16, 2025 3:41:58 AM TicketPool addTickets
INFO: ADDED TICKETS :-  5 TICKETS. NOW POOL SIZE :- 352
Jan 16, 2025 3:41:58 AM Vendor run
INFO: Vendor 4 added 5 tickets.
Jan 16, 2025 3:41:58 AM TicketPool addTickets
INFO: ADDED TICKETS :-  5 TICKETS. NOW POOL SIZE :- 357
Jan 16, 2025 3:41:58 AM Vendor run
INFO: Vendor 5 added 5 tickets.
Jan 16, 2025 3:41:58 AM TicketPool addTickets
INFO: ADDED TICKETS :-  5 TICKETS. NOW POOL SIZE :- 362
Jan 16, 2025 3:41:58 AM Vendor run
INFO: Vendor 1 added 5 tickets.
Jan 16, 2025 3:41:58 AM TicketPool addTickets
INFO: ADDED TICKETS :-  5 TICKETS. NOW POOL SIZE :- 367
Jan 16, 2025 3:41:58 AM Vendor run
INFO: Vendor 2 added 5 tickets.
Jan 16, 2025 3:41:58 AM TicketPool addTickets
INFO: ADDED TICKETS :-  5 TICKETS. NOW POOL SIZE :- 372
Jan 16, 2025 3:41:58 AM Vendor run
INFO: Vendor 3 added 5 tickets.
Jan 16, 2025 3:41:59 AM TicketPool removeTicket
INFO: TICKET REMOVED :- Ticket [ticketID=154, ticketName=super ticket, ticketPrice=1000, ticketQuantity=1]. Available number of tickets :- 371
Jan 16, 2025 3:41:59 AM TicketPool removeTicket
INFO: TICKET REMOVED :- Ticket [ticketID=155, ticketName=super ticket, ticketPrice=1000, ticketQuantity=1]. Available number of tickets :- 370
Jan 16, 2025 3:41:59 AM TicketPool removeTicket
INFO: TICKET REMOVED :- Ticket [ticketID=156, ticketName=super ticket, ticketPrice=1000, ticketQuantity=1]. Available number of tickets :- 369
Jan 16, 2025 3:41:59 AM Customer run
INFO: Customer 2 buy a ticket
Jan 16, 2025 3:41:59 AM TicketPool removeTicket
INFO: TICKET REMOVED :- Ticket [ticketID=157, ticketName=super ticket, ticketPrice=1000, ticketQuantity=1]. Available number of tickets :- 368
Jan 16, 2025 3:41:59 AM TicketPool removeTicket
INFO: TICKET REMOVED :- Ticket [ticketID=158, ticketName=super ticket, ticketPrice=1000, ticketQuantity=1]. Available number of tickets :- 367
Jan 16, 2025 3:41:59 AM TicketPool removeTicket
INFO: TICKET REMOVED :- Ticket [ticketID=159, ticketName=super ticket, ticketPrice=1000, ticketQuantity=1]. Available number of tickets :- 366
Jan 16, 2025 3:41:59 AM Customer run
INFO: Customer 1 buy a ticket
Jan 16, 2025 3:41:59 AM TicketPool addTickets
INFO: ADDED TICKETS :-  5 TICKETS. NOW POOL SIZE :- 371
Jan 16, 2025 3:41:59 AM Vendor run
INFO: Vendor 4 added 5 tickets.
Jan 16, 2025 3:41:59 AM TicketPool removeTicket
INFO: TICKET REMOVED :- Ticket [ticketID=160, ticketName=super ticket, ticketPrice=1000, ticketQuantity=1]. Available number of tickets :- 370
Jan 16, 2025 3:41:59 AM TicketPool removeTicket
INFO: TICKET REMOVED :- Ticket [ticketID=161, ticketName=super ticket, ticketPrice=1000, ticketQuantity=1]. Available number of tickets :- 369
Jan 16, 2025 3:41:59 AM TicketPool removeTicket
INFO: TICKET REMOVED :- Ticket [ticketID=162, ticketName=super ticket, ticketPrice=1000, ticketQuantity=1]. Available number of tickets :- 368
Jan 16, 2025 3:41:59 AM Customer run
INFO: Customer 3 buy a ticket
Jan 16, 2025 3:41:59 AM TicketPool addTickets
INFO: ADDED TICKETS :-  5 TICKETS. NOW POOL SIZE :- 373
Jan 16, 2025 3:41:59 AM Vendor run
INFO: Vendor 5 added 5 tickets.
Jan 16, 2025 3:41:59 AM TicketPool addTickets
INFO: ADDED TICKETS :-  5 TICKETS. NOW POOL SIZE :- 378
Jan 16, 2025 3:41:59 AM Vendor run
INFO: Vendor 1 added 5 tickets.
Jan 16, 2025 3:41:59 AM TicketPool addTickets
INFO: ADDED TICKETS :-  5 TICKETS. NOW POOL SIZE :- 383
Jan 16, 2025 3:41:59 AM Vendor run
INFO: Vendor 2 added 5 tickets.
Jan 16, 2025 3:42:00 AM TicketPool addTickets
INFO: ADDED TICKETS :-  5 TICKETS. NOW POOL SIZE :- 388
Jan 16, 2025 3:42:00 AM Vendor run
INFO: Vendor 3 added 5 tickets.
Jan 16, 2025 3:42:00 AM TicketPool removeTicket
INFO: TICKET REMOVED :- Ticket [ticketID=163, ticketName=super ticket, ticketPrice=1000, ticketQuantity=1]. Available number of tickets :- 387
Jan 16, 2025 3:42:00 AM TicketPool removeTicket
INFO: TICKET REMOVED :- Ticket [ticketID=164, ticketName=super ticket, ticketPrice=1000, ticketQuantity=1]. Available number of tickets :- 386
Jan 16, 2025 3:42:00 AM TicketPool removeTicket
INFO: TICKET REMOVED :- Ticket [ticketID=165, ticketName=super ticket, ticketPrice=1000, ticketQuantity=1]. Available number of tickets :- 385
Jan 16, 2025 3:42:00 AM Customer run
INFO: Customer 2 buy a ticket
Jan 16, 2025 3:42:00 AM TicketPool removeTicket
INFO: TICKET REMOVED :- Ticket [ticketID=166, ticketName=super ticket, ticketPrice=1000, ticketQuantity=1]. Available number of tickets :- 384
Jan 16, 2025 3:42:00 AM TicketPool removeTicket
INFO: TICKET REMOVED :- Ticket [ticketID=167, ticketName=super ticket, ticketPrice=1000, ticketQuantity=1]. Available number of tickets :- 383
Jan 16, 2025 3:42:00 AM TicketPool removeTicket
INFO: TICKET REMOVED :- Ticket [ticketID=168, ticketName=super ticket, ticketPrice=1000, ticketQuantity=1]. Available number of tickets :- 382
Jan 16, 2025 3:42:00 AM Customer run
INFO: Customer 1 buy a ticket
Jan 16, 2025 3:42:00 AM TicketPool addTickets
INFO: ADDED TICKETS :-  5 TICKETS. NOW POOL SIZE :- 387
Jan 16, 2025 3:42:00 AM Vendor run
INFO: Vendor 4 added 5 tickets.
Jan 16, 2025 3:42:00 AM TicketPool removeTicket
INFO: TICKET REMOVED :- Ticket [ticketID=169, ticketName=super ticket, ticketPrice=1000, ticketQuantity=1]. Available number of tickets :- 386
Jan 16, 2025 3:42:00 AM TicketPool removeTicket
INFO: TICKET REMOVED :- Ticket [ticketID=170, ticketName=super ticket, ticketPrice=1000, ticketQuantity=1]. Available number of tickets :- 385
Jan 16, 2025 3:42:00 AM TicketPool removeTicket
INFO: TICKET REMOVED :- Ticket [ticketID=171, ticketName=super ticket, ticketPrice=1000, ticketQuantity=1]. Available number of tickets :- 384
Jan 16, 2025 3:42:00 AM Customer run
INFO: Customer 3 buy a ticket
Jan 16, 2025 3:42:00 AM TicketPool addTickets
INFO: ADDED TICKETS :-  5 TICKETS. NOW POOL SIZE :- 389
Jan 16, 2025 3:42:00 AM Vendor run
INFO: Vendor 5 added 5 tickets.
Jan 16, 2025 3:42:00 AM TicketPool addTickets
INFO: ADDED TICKETS :-  5 TICKETS. NOW POOL SIZE :- 394
Jan 16, 2025 3:42:00 AM Vendor run
INFO: Vendor 1 added 5 tickets.
Jan 16, 2025 3:42:01 AM TicketPool addTickets
INFO: ADDED TICKETS :-  5 TICKETS. NOW POOL SIZE :- 399
Jan 16, 2025 3:42:01 AM Vendor run
INFO: Vendor 2 added 5 tickets.
Jan 16, 2025 3:42:01 AM TicketPool addTickets
INFO: ADDED TICKETS :-  5 TICKETS. NOW POOL SIZE :- 404
Jan 16, 2025 3:42:01 AM Vendor run
INFO: Vendor 3 added 5 tickets.
Jan 16, 2025 3:42:01 AM TicketPool removeTicket
INFO: TICKET REMOVED :- Ticket [ticketID=172, ticketName=super ticket, ticketPrice=1000, ticketQuantity=1]. Available number of tickets :- 403
Jan 16, 2025 3:42:01 AM TicketPool removeTicket
INFO: TICKET REMOVED :- Ticket [ticketID=173, ticketName=super ticket, ticketPrice=1000, ticketQuantity=1]. Available number of tickets :- 402
Jan 16, 2025 3:42:01 AM TicketPool removeTicket
INFO: TICKET REMOVED :- Ticket [ticketID=174, ticketName=super ticket, ticketPrice=1000, ticketQuantity=1]. Available number of tickets :- 401
Jan 16, 2025 3:42:01 AM Customer run
INFO: Customer 2 buy a ticket
Jan 16, 2025 3:42:01 AM TicketPool removeTicket
INFO: TICKET REMOVED :- Ticket [ticketID=175, ticketName=super ticket, ticketPrice=1000, ticketQuantity=1]. Available number of tickets :- 400
Jan 16, 2025 3:42:01 AM TicketPool removeTicket
INFO: TICKET REMOVED :- Ticket [ticketID=176, ticketName=super ticket, ticketPrice=1000, ticketQuantity=1]. Available number of tickets :- 399
Jan 16, 2025 3:42:01 AM TicketPool removeTicket
INFO: TICKET REMOVED :- Ticket [ticketID=177, ticketName=super ticket, ticketPrice=1000, ticketQuantity=1]. Available number of tickets :- 398
Jan 16, 2025 3:42:01 AM Customer run
INFO: Customer 1 buy a ticket
Jan 16, 2025 3:42:01 AM TicketPool addTickets
INFO: ADDED TICKETS :-  5 TICKETS. NOW POOL SIZE :- 403
Jan 16, 2025 3:42:01 AM Vendor run
INFO: Vendor 4 added 5 tickets.
Jan 16, 2025 3:42:01 AM TicketPool addTickets
INFO: ADDED TICKETS :-  5 TICKETS. NOW POOL SIZE :- 408
Jan 16, 2025 3:42:01 AM Vendor run
INFO: Vendor 5 added 5 tickets.
Jan 16, 2025 3:42:01 AM TicketPool removeTicket
INFO: TICKET REMOVED :- Ticket [ticketID=178, ticketName=super ticket, ticketPrice=1000, ticketQuantity=1]. Available number of tickets :- 407
Jan 16, 2025 3:42:01 AM TicketPool removeTicket
INFO: TICKET REMOVED :- Ticket [ticketID=179, ticketName=super ticket, ticketPrice=1000, ticketQuantity=1]. Available number of tickets :- 406
Jan 16, 2025 3:42:01 AM TicketPool removeTicket
INFO: TICKET REMOVED :- Ticket [ticketID=180, ticketName=super ticket, ticketPrice=1000, ticketQuantity=1]. Available number of tickets :- 405
Jan 16, 2025 3:42:01 AM Customer run
INFO: Customer 3 buy a ticket
Jan 16, 2025 3:42:01 AM TicketPool addTickets
INFO: ADDED TICKETS :-  5 TICKETS. NOW POOL SIZE :- 410
Jan 16, 2025 3:42:01 AM Vendor run
INFO: Vendor 1 added 5 tickets.
Jan 16, 2025 3:42:02 AM TicketPool addTickets
INFO: ADDED TICKETS :-  5 TICKETS. NOW POOL SIZE :- 415
Jan 16, 2025 3:42:02 AM Vendor run
INFO: Vendor 2 added 5 tickets.
Jan 16, 2025 3:42:02 AM TicketPool addTickets
INFO: ADDED TICKETS :-  5 TICKETS. NOW POOL SIZE :- 420
Jan 16, 2025 3:42:02 AM Vendor run
INFO: Vendor 3 added 5 tickets.
Jan 16, 2025 3:42:02 AM TicketPool removeTicket
INFO: TICKET REMOVED :- Ticket [ticketID=181, ticketName=super ticket, ticketPrice=1000, ticketQuantity=1]. Available number of tickets :- 419
Jan 16, 2025 3:42:02 AM TicketPool removeTicket
INFO: TICKET REMOVED :- Ticket [ticketID=182, ticketName=super ticket, ticketPrice=1000, ticketQuantity=1]. Available number of tickets :- 418
Jan 16, 2025 3:42:02 AM TicketPool removeTicket
INFO: TICKET REMOVED :- Ticket [ticketID=183, ticketName=super ticket, ticketPrice=1000, ticketQuantity=1]. Available number of tickets :- 417
Jan 16, 2025 3:42:02 AM Customer run
INFO: Customer 2 buy a ticket
Jan 16, 2025 3:42:02 AM TicketPool addTickets
INFO: ADDED TICKETS :-  5 TICKETS. NOW POOL SIZE :- 422
Jan 16, 2025 3:42:02 AM Vendor run
INFO: Vendor 4 added 5 tickets.
Jan 16, 2025 3:42:02 AM TicketPool removeTicket
INFO: TICKET REMOVED :- Ticket [ticketID=184, ticketName=super ticket, ticketPrice=1000, ticketQuantity=1]. Available number of tickets :- 421
Jan 16, 2025 3:42:02 AM TicketPool removeTicket
INFO: TICKET REMOVED :- Ticket [ticketID=185, ticketName=super ticket, ticketPrice=1000, ticketQuantity=1]. Available number of tickets :- 420
Jan 16, 2025 3:42:02 AM TicketPool removeTicket
INFO: TICKET REMOVED :- Ticket [ticketID=186, ticketName=super ticket, ticketPrice=1000, ticketQuantity=1]. Available number of tickets :- 419
Jan 16, 2025 3:42:02 AM Customer run
INFO: Customer 1 buy a ticket
Jan 16, 2025 3:42:02 AM TicketPool removeTicket
INFO: TICKET REMOVED :- Ticket [ticketID=187, ticketName=super ticket, ticketPrice=1000, ticketQuantity=1]. Available number of tickets :- 418
Jan 16, 2025 3:42:02 AM TicketPool removeTicket
INFO: TICKET REMOVED :- Ticket [ticketID=188, ticketName=super ticket, ticketPrice=1000, ticketQuantity=1]. Available number of tickets :- 417
Jan 16, 2025 3:42:02 AM TicketPool removeTicket
INFO: TICKET REMOVED :- Ticket [ticketID=189, ticketName=super ticket, ticketPrice=1000, ticketQuantity=1]. Available number of tickets :- 416
Jan 16, 2025 3:42:02 AM Customer run
INFO: Customer 3 buy a ticket
Jan 16, 2025 3:42:02 AM TicketPool addTickets
INFO: ADDED TICKETS :-  5 TICKETS. NOW POOL SIZE :- 421
Jan 16, 2025 3:42:02 AM Vendor run
INFO: Vendor 5 added 5 tickets.
Jan 16, 2025 3:42:02 AM TicketPool addTickets
INFO: ADDED TICKETS :-  5 TICKETS. NOW POOL SIZE :- 426
Jan 16, 2025 3:42:02 AM Vendor run
INFO: Vendor 1 added 5 tickets.
Jan 16, 2025 3:42:03 AM TicketPool addTickets
INFO: ADDED TICKETS :-  5 TICKETS. NOW POOL SIZE :- 431
Jan 16, 2025 3:42:03 AM Vendor run
INFO: Vendor 2 added 5 tickets.
Jan 16, 2025 3:42:03 AM TicketPool addTickets
INFO: ADDED TICKETS :-  5 TICKETS. NOW POOL SIZE :- 436
Jan 16, 2025 3:42:03 AM Vendor run
INFO: Vendor 3 added 5 tickets.
Jan 16, 2025 3:42:03 AM TicketPool addTickets
INFO: ADDED TICKETS :-  5 TICKETS. NOW POOL SIZE :- 441
Jan 16, 2025 3:42:03 AM Vendor run
INFO: Vendor 4 added 5 tickets.
Jan 16, 2025 3:42:03 AM TicketPool removeTicket
INFO: TICKET REMOVED :- Ticket [ticketID=190, ticketName=super ticket, ticketPrice=1000, ticketQuantity=1]. Available number of tickets :- 440
Jan 16, 2025 3:42:03 AM TicketPool removeTicket
INFO: TICKET REMOVED :- Ticket [ticketID=191, ticketName=super ticket, ticketPrice=1000, ticketQuantity=1]. Available number of tickets :- 439
Jan 16, 2025 3:42:03 AM TicketPool removeTicket
INFO: TICKET REMOVED :- Ticket [ticketID=192, ticketName=super ticket, ticketPrice=1000, ticketQuantity=1]. Available number of tickets :- 438
Jan 16, 2025 3:42:03 AM Customer run
INFO: Customer 2 buy a ticket
Jan 16, 2025 3:42:03 AM TicketPool removeTicket
INFO: TICKET REMOVED :- Ticket [ticketID=193, ticketName=super ticket, ticketPrice=1000, ticketQuantity=1]. Available number of tickets :- 437
Jan 16, 2025 3:42:03 AM TicketPool removeTicket
INFO: TICKET REMOVED :- Ticket [ticketID=194, ticketName=super ticket, ticketPrice=1000, ticketQuantity=1]. Available number of tickets :- 436
Jan 16, 2025 3:42:03 AM TicketPool removeTicket
INFO: TICKET REMOVED :- Ticket [ticketID=195, ticketName=super ticket, ticketPrice=1000, ticketQuantity=1]. Available number of tickets :- 435
Jan 16, 2025 3:42:03 AM Customer run
INFO: Customer 1 buy a ticket
Jan 16, 2025 3:42:03 AM TicketPool addTickets
INFO: ADDED TICKETS :-  5 TICKETS. NOW POOL SIZE :- 440
Jan 16, 2025 3:42:03 AM Vendor run
INFO: Vendor 5 added 5 tickets.
Jan 16, 2025 3:42:03 AM TicketPool removeTicket
INFO: TICKET REMOVED :- Ticket [ticketID=196, ticketName=super ticket, ticketPrice=1000, ticketQuantity=1]. Available number of tickets :- 439
Jan 16, 2025 3:42:03 AM TicketPool removeTicket
INFO: TICKET REMOVED :- Ticket [ticketID=197, ticketName=super ticket, ticketPrice=1000, ticketQuantity=1]. Available number of tickets :- 438
Jan 16, 2025 3:42:03 AM TicketPool removeTicket
INFO: TICKET REMOVED :- Ticket [ticketID=198, ticketName=super ticket, ticketPrice=1000, ticketQuantity=1]. Available number of tickets :- 437
Jan 16, 2025 3:42:03 AM Customer run
INFO: Customer 3 buy a ticket
Jan 16, 2025 3:42:04 AM TicketPool addTickets
INFO: ADDED TICKETS :-  5 TICKETS. NOW POOL SIZE :- 442
Jan 16, 2025 3:42:04 AM Vendor run
INFO: Vendor 1 added 5 tickets.
Jan 16, 2025 3:42:04 AM TicketPool addTickets
INFO: ADDED TICKETS :-  5 TICKETS. NOW POOL SIZE :- 447
Jan 16, 2025 3:42:04 AM Vendor run
INFO: Vendor 2 added 5 tickets.
Jan 16, 2025 3:42:04 AM TicketPool addTickets
INFO: ADDED TICKETS :-  5 TICKETS. NOW POOL SIZE :- 452
Jan 16, 2025 3:42:04 AM Vendor run
INFO: Vendor 3 added 5 tickets.
Jan 16, 2025 3:42:04 AM TicketPool addTickets
INFO: ADDED TICKETS :-  5 TICKETS. NOW POOL SIZE :- 457
Jan 16, 2025 3:42:04 AM Vendor run
INFO: Vendor 4 added 5 tickets.
Jan 16, 2025 3:42:04 AM TicketPool removeTicket
INFO: TICKET REMOVED :- Ticket [ticketID=199, ticketName=super ticket, ticketPrice=1000, ticketQuantity=1]. Available number of tickets :- 456
Jan 16, 2025 3:42:04 AM TicketPool removeTicket
INFO: TICKET REMOVED :- Ticket [ticketID=200, ticketName=super ticket, ticketPrice=1000, ticketQuantity=1]. Available number of tickets :- 455
Jan 16, 2025 3:42:04 AM TicketPool removeTicket
INFO: TICKET REMOVED :- Ticket [ticketID=201, ticketName=super ticket, ticketPrice=1000, ticketQuantity=1]. Available number of tickets :- 454
Jan 16, 2025 3:42:04 AM Customer run
INFO: Customer 1 buy a ticket
Jan 16, 2025 3:42:04 AM TicketPool removeTicket
INFO: TICKET REMOVED :- Ticket [ticketID=202, ticketName=super ticket, ticketPrice=1000, ticketQuantity=1]. Available number of tickets :- 453
Jan 16, 2025 3:42:04 AM TicketPool removeTicket
INFO: TICKET REMOVED :- Ticket [ticketID=203, ticketName=super ticket, ticketPrice=1000, ticketQuantity=1]. Available number of tickets :- 452
Jan 16, 2025 3:42:04 AM TicketPool removeTicket
INFO: TICKET REMOVED :- Ticket [ticketID=204, ticketName=super ticket, ticketPrice=1000, ticketQuantity=1]. Available number of tickets :- 451
Jan 16, 2025 3:42:04 AM Customer run
INFO: Customer 2 buy a ticket
Jan 16, 2025 3:42:04 AM TicketPool addTickets
INFO: ADDED TICKETS :-  5 TICKETS. NOW POOL SIZE :- 456
Jan 16, 2025 3:42:04 AM Vendor run
INFO: Vendor 5 added 5 tickets.
Jan 16, 2025 3:42:04 AM TicketPool removeTicket
INFO: TICKET REMOVED :- Ticket [ticketID=205, ticketName=super ticket, ticketPrice=1000, ticketQuantity=1]. Available number of tickets :- 455
Jan 16, 2025 3:42:04 AM TicketPool removeTicket
INFO: TICKET REMOVED :- Ticket [ticketID=206, ticketName=super ticket, ticketPrice=1000, ticketQuantity=1]. Available number of tickets :- 454
Jan 16, 2025 3:42:04 AM TicketPool removeTicket
INFO: TICKET REMOVED :- Ticket [ticketID=207, ticketName=super ticket, ticketPrice=1000, ticketQuantity=1]. Available number of tickets :- 453
Jan 16, 2025 3:42:04 AM Customer run
INFO: Customer 3 buy a ticket
Jan 16, 2025 3:42:05 AM TicketPool addTickets
INFO: ADDED TICKETS :-  5 TICKETS. NOW POOL SIZE :- 458
Jan 16, 2025 3:42:05 AM Vendor run
INFO: Vendor 1 added 5 tickets.
Jan 16, 2025 3:42:05 AM TicketPool addTickets
INFO: ADDED TICKETS :-  5 TICKETS. NOW POOL SIZE :- 463
Jan 16, 2025 3:42:05 AM Vendor run
INFO: Vendor 2 added 5 tickets.
Jan 16, 2025 3:42:05 AM TicketPool addTickets
INFO: ADDED TICKETS :-  5 TICKETS. NOW POOL SIZE :- 468
Jan 16, 2025 3:42:05 AM Vendor run
INFO: Vendor 3 added 5 tickets.
Jan 16, 2025 3:42:05 AM TicketPool addTickets
INFO: ADDED TICKETS :-  5 TICKETS. NOW POOL SIZE :- 473
Jan 16, 2025 3:42:05 AM Vendor run
INFO: Vendor 4 added 5 tickets.
Jan 16, 2025 3:42:05 AM TicketPool addTickets
INFO: ADDED TICKETS :-  5 TICKETS. NOW POOL SIZE :- 478
Jan 16, 2025 3:42:05 AM Vendor run
INFO: Vendor 5 added 5 tickets.
Jan 16, 2025 3:42:05 AM TicketPool removeTicket
INFO: TICKET REMOVED :- Ticket [ticketID=208, ticketName=super ticket, ticketPrice=1000, ticketQuantity=1]. Available number of tickets :- 477
Jan 16, 2025 3:42:05 AM TicketPool removeTicket
INFO: TICKET REMOVED :- Ticket [ticketID=209, ticketName=super ticket, ticketPrice=1000, ticketQuantity=1]. Available number of tickets :- 476
Jan 16, 2025 3:42:05 AM TicketPool removeTicket
INFO: TICKET REMOVED :- Ticket [ticketID=210, ticketName=super ticket, ticketPrice=1000, ticketQuantity=1]. Available number of tickets :- 475
Jan 16, 2025 3:42:05 AM Customer run
INFO: Customer 1 buy a ticket
Jan 16, 2025 3:42:05 AM TicketPool removeTicket
INFO: TICKET REMOVED :- Ticket [ticketID=211, ticketName=super ticket, ticketPrice=1000, ticketQuantity=1]. Available number of tickets :- 474
Jan 16, 2025 3:42:05 AM TicketPool removeTicket
INFO: TICKET REMOVED :- Ticket [ticketID=212, ticketName=super ticket, ticketPrice=1000, ticketQuantity=1]. Available number of tickets :- 473
Jan 16, 2025 3:42:05 AM TicketPool removeTicket
INFO: TICKET REMOVED :- Ticket [ticketID=213, ticketName=super ticket, ticketPrice=1000, ticketQuantity=1]. Available number of tickets :- 472
Jan 16, 2025 3:42:05 AM Customer run
INFO: Customer 2 buy a ticket
Jan 16, 2025 3:42:06 AM TicketPool removeTicket
INFO: TICKET REMOVED :- Ticket [ticketID=214, ticketName=super ticket, ticketPrice=1000, ticketQuantity=1]. Available number of tickets :- 471
Jan 16, 2025 3:42:06 AM TicketPool removeTicket
INFO: TICKET REMOVED :- Ticket [ticketID=215, ticketName=super ticket, ticketPrice=1000, ticketQuantity=1]. Available number of tickets :- 470
Jan 16, 2025 3:42:06 AM TicketPool removeTicket
INFO: TICKET REMOVED :- Ticket [ticketID=216, ticketName=super ticket, ticketPrice=1000, ticketQuantity=1]. Available number of tickets :- 469
Jan 16, 2025 3:42:06 AM Customer run
INFO: Customer 3 buy a ticket
Jan 16, 2025 3:42:06 AM TicketPool addTickets
INFO: ADDED TICKETS :-  5 TICKETS. NOW POOL SIZE :- 474
Jan 16, 2025 3:42:06 AM Vendor run
INFO: Vendor 1 added 5 tickets.
Jan 16, 2025 3:42:06 AM TicketPool addTickets
INFO: ADDED TICKETS :-  5 TICKETS. NOW POOL SIZE :- 479
Jan 16, 2025 3:42:06 AM Vendor run
INFO: Vendor 2 added 5 tickets.
Jan 16, 2025 3:42:06 AM TicketPool addTickets
INFO: ADDED TICKETS :-  5 TICKETS. NOW POOL SIZE :- 484
Jan 16, 2025 3:42:06 AM Vendor run
INFO: Vendor 3 added 5 tickets.
Jan 16, 2025 3:42:06 AM TicketPool addTickets
INFO: ADDED TICKETS :-  5 TICKETS. NOW POOL SIZE :- 489
Jan 16, 2025 3:42:06 AM Vendor run
INFO: Vendor 4 added 5 tickets.
Jan 16, 2025 3:42:06 AM TicketPool addTickets
INFO: ADDED TICKETS :-  5 TICKETS. NOW POOL SIZE :- 494
Jan 16, 2025 3:42:06 AM Vendor run
INFO: Vendor 5 added 5 tickets.
Jan 16, 2025 3:42:07 AM TicketPool removeTicket
INFO: TICKET REMOVED :- Ticket [ticketID=217, ticketName=super ticket, ticketPrice=1000, ticketQuantity=1]. Available number of tickets :- 493
Jan 16, 2025 3:42:07 AM TicketPool removeTicket
INFO: TICKET REMOVED :- Ticket [ticketID=218, ticketName=super ticket, ticketPrice=1000, ticketQuantity=1]. Available number of tickets :- 492
Jan 16, 2025 3:42:07 AM TicketPool removeTicket
INFO: TICKET REMOVED :- Ticket [ticketID=219, ticketName=super ticket, ticketPrice=1000, ticketQuantity=1]. Available number of tickets :- 491
Jan 16, 2025 3:42:07 AM Customer run
INFO: Customer 1 buy a ticket
Jan 16, 2025 3:42:07 AM TicketPool removeTicket
INFO: TICKET REMOVED :- Ticket [ticketID=220, ticketName=super ticket, ticketPrice=1000, ticketQuantity=1]. Available number of tickets :- 490
Jan 16, 2025 3:42:07 AM TicketPool removeTicket
INFO: TICKET REMOVED :- Ticket [ticketID=221, ticketName=super ticket, ticketPrice=1000, ticketQuantity=1]. Available number of tickets :- 489
Jan 16, 2025 3:42:07 AM TicketPool removeTicket
INFO: TICKET REMOVED :- Ticket [ticketID=222, ticketName=super ticket, ticketPrice=1000, ticketQuantity=1]. Available number of tickets :- 488
Jan 16, 2025 3:42:07 AM Customer run
INFO: Customer 2 buy a ticket
Jan 16, 2025 3:42:07 AM TicketPool removeTicket
INFO: TICKET REMOVED :- Ticket [ticketID=223, ticketName=super ticket, ticketPrice=1000, ticketQuantity=1]. Available number of tickets :- 487
Jan 16, 2025 3:42:07 AM TicketPool removeTicket
INFO: TICKET REMOVED :- Ticket [ticketID=224, ticketName=super ticket, ticketPrice=1000, ticketQuantity=1]. Available number of tickets :- 486
Jan 16, 2025 3:42:07 AM TicketPool removeTicket
INFO: TICKET REMOVED :- Ticket [ticketID=225, ticketName=super ticket, ticketPrice=1000, ticketQuantity=1]. Available number of tickets :- 485
Jan 16, 2025 3:42:07 AM Customer run
INFO: Customer 3 buy a ticket
Jan 16, 2025 3:42:07 AM TicketPool addTickets
INFO: ADDED TICKETS :-  5 TICKETS. NOW POOL SIZE :- 490
Jan 16, 2025 3:42:07 AM Vendor run
INFO: Vendor 1 added 5 tickets.
Jan 16, 2025 3:42:07 AM TicketPool addTickets
INFO: ADDED TICKETS :-  5 TICKETS. NOW POOL SIZE :- 495
Jan 16, 2025 3:42:07 AM Vendor run
INFO: Vendor 2 added 5 tickets.
Jan 16, 2025 3:42:07 AM TicketPool addTickets
INFO: Warning !!!! Ticket pool reached maximum capacity. Please waiting...
Jan 16, 2025 3:42:08 AM TicketPool addTickets
INFO: Warning !!!! Ticket pool reached maximum capacity. Please waiting...
Jan 16, 2025 3:42:08 AM TicketPool addTickets
INFO: Warning !!!! Ticket pool reached maximum capacity. Please waiting...
Jan 16, 2025 3:42:08 AM TicketPool removeTicket
INFO: TICKET REMOVED :- Ticket [ticketID=226, ticketName=super ticket, ticketPrice=1000, ticketQuantity=1]. Available number of tickets :- 494
Jan 16, 2025 3:42:08 AM TicketPool removeTicket
INFO: TICKET REMOVED :- Ticket [ticketID=227, ticketName=super ticket, ticketPrice=1000, ticketQuantity=1]. Available number of tickets :- 493
Jan 16, 2025 3:42:08 AM TicketPool removeTicket
INFO: TICKET REMOVED :- Ticket [ticketID=228, ticketName=super ticket, ticketPrice=1000, ticketQuantity=1]. Available number of tickets :- 492
Jan 16, 2025 3:42:08 AM Customer run
INFO: Customer 1 buy a ticket
Jan 16, 2025 3:42:08 AM TicketPool removeTicket
INFO: TICKET REMOVED :- Ticket [ticketID=229, ticketName=super ticket, ticketPrice=1000, ticketQuantity=1]. Available number of tickets :- 491
Jan 16, 2025 3:42:08 AM TicketPool removeTicket
INFO: TICKET REMOVED :- Ticket [ticketID=230, ticketName=super ticket, ticketPrice=1000, ticketQuantity=1]. Available number of tickets :- 490
Jan 16, 2025 3:42:08 AM TicketPool removeTicket
INFO: TICKET REMOVED :- Ticket [ticketID=231, ticketName=super ticket, ticketPrice=1000, ticketQuantity=1]. Available number of tickets :- 489
Jan 16, 2025 3:42:08 AM Customer run
INFO: Customer 2 buy a ticket
Jan 16, 2025 3:42:08 AM TicketPool removeTicket
INFO: TICKET REMOVED :- Ticket [ticketID=232, ticketName=super ticket, ticketPrice=1000, ticketQuantity=1]. Available number of tickets :- 488
Jan 16, 2025 3:42:08 AM TicketPool removeTicket
INFO: TICKET REMOVED :- Ticket [ticketID=233, ticketName=super ticket, ticketPrice=1000, ticketQuantity=1]. Available number of tickets :- 487
Jan 16, 2025 3:42:08 AM TicketPool removeTicket
INFO: TICKET REMOVED :- Ticket [ticketID=234, ticketName=super ticket, ticketPrice=1000, ticketQuantity=1]. Available number of tickets :- 486
Jan 16, 2025 3:42:08 AM Customer run
INFO: Customer 3 buy a ticket
Jan 16, 2025 3:42:08 AM TicketPool addTickets
INFO: ADDED TICKETS :-  5 TICKETS. NOW POOL SIZE :- 491
Jan 16, 2025 3:42:08 AM Vendor run
INFO: Vendor 1 added 5 tickets.
Jan 16, 2025 3:42:08 AM TicketPool addTickets
INFO: ADDED TICKETS :-  5 TICKETS. NOW POOL SIZE :- 496
Jan 16, 2025 3:42:08 AM Vendor run
INFO: Vendor 2 added 5 tickets.
Jan 16, 2025 3:42:09 AM TicketPool removeTicket
INFO: TICKET REMOVED :- Ticket [ticketID=235, ticketName=super ticket, ticketPrice=1000, ticketQuantity=1]. Available number of tickets :- 495
Jan 16, 2025 3:42:09 AM TicketPool removeTicket
INFO: TICKET REMOVED :- Ticket [ticketID=236, ticketName=super ticket, ticketPrice=1000, ticketQuantity=1]. Available number of tickets :- 494
Jan 16, 2025 3:42:09 AM TicketPool removeTicket
INFO: TICKET REMOVED :- Ticket [ticketID=237, ticketName=super ticket, ticketPrice=1000, ticketQuantity=1]. Available number of tickets :- 493
Jan 16, 2025 3:42:09 AM Customer run
INFO: Customer 1 buy a ticket
Jan 16, 2025 3:42:09 AM TicketPool removeTicket
INFO: TICKET REMOVED :- Ticket [ticketID=238, ticketName=super ticket, ticketPrice=1000, ticketQuantity=1]. Available number of tickets :- 492
Jan 16, 2025 3:42:09 AM TicketPool removeTicket
INFO: TICKET REMOVED :- Ticket [ticketID=239, ticketName=super ticket, ticketPrice=1000, ticketQuantity=1]. Available number of tickets :- 491
Jan 16, 2025 3:42:09 AM TicketPool removeTicket
INFO: TICKET REMOVED :- Ticket [ticketID=240, ticketName=super ticket, ticketPrice=1000, ticketQuantity=1]. Available number of tickets :- 490
Jan 16, 2025 3:42:09 AM Customer run
INFO: Customer 2 buy a ticket
Jan 16, 2025 3:42:09 AM TicketPool removeTicket
INFO: TICKET REMOVED :- Ticket [ticketID=241, ticketName=super ticket, ticketPrice=1000, ticketQuantity=1]. Available number of tickets :- 489
Jan 16, 2025 3:42:09 AM TicketPool removeTicket
INFO: TICKET REMOVED :- Ticket [ticketID=242, ticketName=super ticket, ticketPrice=1000, ticketQuantity=1]. Available number of tickets :- 488
Jan 16, 2025 3:42:09 AM TicketPool removeTicket
INFO: TICKET REMOVED :- Ticket [ticketID=243, ticketName=super ticket, ticketPrice=1000, ticketQuantity=1]. Available number of tickets :- 487
Jan 16, 2025 3:42:09 AM Customer run
INFO: Customer 3 buy a ticket
Jan 16, 2025 3:42:09 AM TicketPool addTickets
INFO: ADDED TICKETS :-  5 TICKETS. NOW POOL SIZE :- 492
Jan 16, 2025 3:42:09 AM Vendor run
INFO: Vendor 1 added 5 tickets.
Jan 16, 2025 3:42:09 AM TicketPool addTickets
INFO: ADDED TICKETS :-  5 TICKETS. NOW POOL SIZE :- 497
Jan 16, 2025 3:42:09 AM Vendor run
INFO: Vendor 2 added 5 tickets.
Jan 16, 2025 3:42:10 AM TicketPool removeTicket
INFO: TICKET REMOVED :- Ticket [ticketID=244, ticketName=super ticket, ticketPrice=1000, ticketQuantity=1]. Available number of tickets :- 496
Jan 16, 2025 3:42:10 AM TicketPool removeTicket
INFO: TICKET REMOVED :- Ticket [ticketID=245, ticketName=super ticket, ticketPrice=1000, ticketQuantity=1]. Available number of tickets :- 495
Jan 16, 2025 3:42:10 AM TicketPool removeTicket
INFO: TICKET REMOVED :- Ticket [ticketID=246, ticketName=super ticket, ticketPrice=1000, ticketQuantity=1]. Available number of tickets :- 494
Jan 16, 2025 3:42:10 AM Customer run
INFO: Customer 1 buy a ticket
Jan 16, 2025 3:42:10 AM TicketPool removeTicket
INFO: TICKET REMOVED :- Ticket [ticketID=247, ticketName=super ticket, ticketPrice=1000, ticketQuantity=1]. Available number of tickets :- 493
Jan 16, 2025 3:42:10 AM TicketPool removeTicket
INFO: TICKET REMOVED :- Ticket [ticketID=248, ticketName=super ticket, ticketPrice=1000, ticketQuantity=1]. Available number of tickets :- 492
Jan 16, 2025 3:42:10 AM TicketPool removeTicket
INFO: TICKET REMOVED :- Ticket [ticketID=249, ticketName=super ticket, ticketPrice=1000, ticketQuantity=1]. Available number of tickets :- 491
Jan 16, 2025 3:42:10 AM Customer run
INFO: Customer 2 buy a ticket
Jan 16, 2025 3:42:10 AM TicketPool removeTicket
INFO: TICKET REMOVED :- Ticket [ticketID=250, ticketName=super ticket, ticketPrice=1000, ticketQuantity=1]. Available number of tickets :- 490
Jan 16, 2025 3:42:10 AM TicketPool removeTicket
INFO: TICKET REMOVED :- Ticket [ticketID=251, ticketName=super ticket, ticketPrice=1000, ticketQuantity=1]. Available number of tickets :- 489
Jan 16, 2025 3:42:10 AM TicketPool removeTicket
INFO: TICKET REMOVED :- Ticket [ticketID=252, ticketName=super ticket, ticketPrice=1000, ticketQuantity=1]. Available number of tickets :- 488
Jan 16, 2025 3:42:10 AM Customer run
INFO: Customer 3 buy a ticket
Jan 16, 2025 3:42:10 AM TicketPool addTickets
INFO: ADDED TICKETS :-  5 TICKETS. NOW POOL SIZE :- 493
Jan 16, 2025 3:42:10 AM Vendor run
INFO: Vendor 1 added 5 tickets.
Jan 16, 2025 3:42:10 AM TicketPool addTickets
INFO: ADDED TICKETS :-  5 TICKETS. NOW POOL SIZE :- 498
Jan 16, 2025 3:42:10 AM Vendor run
INFO: Vendor 2 added 5 tickets.
Jan 16, 2025 3:42:11 AM TicketPool removeTicket
INFO: TICKET REMOVED :- Ticket [ticketID=253, ticketName=super ticket, ticketPrice=1000, ticketQuantity=1]. Available number of tickets :- 497
Jan 16, 2025 3:42:11 AM TicketPool removeTicket
INFO: TICKET REMOVED :- Ticket [ticketID=254, ticketName=super ticket, ticketPrice=1000, ticketQuantity=1]. Available number of tickets :- 496
Jan 16, 2025 3:42:11 AM TicketPool removeTicket
INFO: TICKET REMOVED :- Ticket [ticketID=255, ticketName=super ticket, ticketPrice=1000, ticketQuantity=1]. Available number of tickets :- 495
Jan 16, 2025 3:42:11 AM Customer run
INFO: Customer 1 buy a ticket
Jan 16, 2025 3:42:11 AM TicketPool removeTicket
INFO: TICKET REMOVED :- Ticket [ticketID=256, ticketName=super ticket, ticketPrice=1000, ticketQuantity=1]. Available number of tickets :- 494
Jan 16, 2025 3:42:11 AM TicketPool removeTicket
INFO: TICKET REMOVED :- Ticket [ticketID=257, ticketName=super ticket, ticketPrice=1000, ticketQuantity=1]. Available number of tickets :- 493
Jan 16, 2025 3:42:11 AM TicketPool removeTicket
INFO: TICKET REMOVED :- Ticket [ticketID=258, ticketName=super ticket, ticketPrice=1000, ticketQuantity=1]. Available number of tickets :- 492
Jan 16, 2025 3:42:11 AM Customer run
INFO: Customer 2 buy a ticket
Jan 16, 2025 3:42:11 AM TicketPool removeTicket
INFO: TICKET REMOVED :- Ticket [ticketID=259, ticketName=super ticket, ticketPrice=1000, ticketQuantity=1]. Available number of tickets :- 491
Jan 16, 2025 3:42:11 AM TicketPool removeTicket
INFO: TICKET REMOVED :- Ticket [ticketID=260, ticketName=super ticket, ticketPrice=1000, ticketQuantity=1]. Available number of tickets :- 490
Jan 16, 2025 3:42:11 AM TicketPool removeTicket
INFO: TICKET REMOVED :- Ticket [ticketID=261, ticketName=super ticket, ticketPrice=1000, ticketQuantity=1]. Available number of tickets :- 489
Jan 16, 2025 3:42:11 AM Customer run
INFO: Customer 3 buy a ticket
Jan 16, 2025 3:42:11 AM TicketPool addTickets
INFO: ADDED TICKETS :-  5 TICKETS. NOW POOL SIZE :- 494
Jan 16, 2025 3:42:11 AM Vendor run
INFO: Vendor 1 added 5 tickets.
Jan 16, 2025 3:42:11 AM TicketPool addTickets
INFO: ADDED TICKETS :-  5 TICKETS. NOW POOL SIZE :- 499
Jan 16, 2025 3:42:11 AM Vendor run
INFO: Vendor 2 added 5 tickets.
Jan 16, 2025 3:42:12 AM TicketPool removeTicket
INFO: TICKET REMOVED :- Ticket [ticketID=262, ticketName=super ticket, ticketPrice=1000, ticketQuantity=1]. Available number of tickets :- 498
Jan 16, 2025 3:42:12 AM TicketPool removeTicket
INFO: TICKET REMOVED :- Ticket [ticketID=263, ticketName=super ticket, ticketPrice=1000, ticketQuantity=1]. Available number of tickets :- 497
Jan 16, 2025 3:42:12 AM TicketPool removeTicket
INFO: TICKET REMOVED :- Ticket [ticketID=264, ticketName=super ticket, ticketPrice=1000, ticketQuantity=1]. Available number of tickets :- 496
Jan 16, 2025 3:42:12 AM Customer run
INFO: Customer 1 buy a ticket
Jan 16, 2025 3:42:12 AM TicketPool removeTicket
INFO: TICKET REMOVED :- Ticket [ticketID=265, ticketName=super ticket, ticketPrice=1000, ticketQuantity=1]. Available number of tickets :- 495
Jan 16, 2025 3:42:12 AM TicketPool removeTicket
INFO: TICKET REMOVED :- Ticket [ticketID=266, ticketName=super ticket, ticketPrice=1000, ticketQuantity=1]. Available number of tickets :- 494
Jan 16, 2025 3:42:12 AM TicketPool removeTicket
INFO: TICKET REMOVED :- Ticket [ticketID=267, ticketName=super ticket, ticketPrice=1000, ticketQuantity=1]. Available number of tickets :- 493
Jan 16, 2025 3:42:12 AM Customer run
INFO: Customer 2 buy a ticket
Jan 16, 2025 3:42:12 AM TicketPool removeTicket
INFO: TICKET REMOVED :- Ticket [ticketID=268, ticketName=super ticket, ticketPrice=1000, ticketQuantity=1]. Available number of tickets :- 492
Jan 16, 2025 3:42:12 AM TicketPool removeTicket
INFO: TICKET REMOVED :- Ticket [ticketID=269, ticketName=super ticket, ticketPrice=1000, ticketQuantity=1]. Available number of tickets :- 491
Jan 16, 2025 3:42:12 AM TicketPool removeTicket
INFO: TICKET REMOVED :- Ticket [ticketID=270, ticketName=super ticket, ticketPrice=1000, ticketQuantity=1]. Available number of tickets :- 490
Jan 16, 2025 3:42:12 AM Customer run
INFO: Customer 3 buy a ticket
Jan 16, 2025 3:42:12 AM TicketPool addTickets
INFO: ADDED TICKETS :-  5 TICKETS. NOW POOL SIZE :- 495
Jan 16, 2025 3:42:12 AM Vendor run
INFO: Vendor 1 added 5 tickets.
Jan 16, 2025 3:42:12 AM TicketPool addTickets
INFO: Warning !!!! Ticket pool reached maximum capacity. Please waiting...
Jan 16, 2025 3:42:13 AM TicketPool removeTicket
INFO: TICKET REMOVED :- Ticket [ticketID=271, ticketName=super ticket, ticketPrice=1000, ticketQuantity=1]. Available number of tickets :- 494
Jan 16, 2025 3:42:13 AM TicketPool removeTicket
INFO: TICKET REMOVED :- Ticket [ticketID=272, ticketName=super ticket, ticketPrice=1000, ticketQuantity=1]. Available number of tickets :- 493
Jan 16, 2025 3:42:13 AM TicketPool removeTicket
INFO: TICKET REMOVED :- Ticket [ticketID=273, ticketName=super ticket, ticketPrice=1000, ticketQuantity=1]. Available number of tickets :- 492
Jan 16, 2025 3:42:13 AM Customer run
INFO: Customer 1 buy a ticket
Jan 16, 2025 3:42:13 AM TicketPool removeTicket
INFO: TICKET REMOVED :- Ticket [ticketID=274, ticketName=super ticket, ticketPrice=1000, ticketQuantity=1]. Available number of tickets :- 491
Jan 16, 2025 3:42:13 AM TicketPool removeTicket
INFO: TICKET REMOVED :- Ticket [ticketID=275, ticketName=super ticket, ticketPrice=1000, ticketQuantity=1]. Available number of tickets :- 490
Jan 16, 2025 3:42:13 AM TicketPool removeTicket
INFO: TICKET REMOVED :- Ticket [ticketID=276, ticketName=super ticket, ticketPrice=1000, ticketQuantity=1]. Available number of tickets :- 489
Jan 16, 2025 3:42:13 AM Customer run
INFO: Customer 2 buy a ticket
Jan 16, 2025 3:42:13 AM TicketPool removeTicket
INFO: TICKET REMOVED :- Ticket [ticketID=277, ticketName=super ticket, ticketPrice=1000, ticketQuantity=1]. Available number of tickets :- 488
Jan 16, 2025 3:42:13 AM TicketPool removeTicket
INFO: TICKET REMOVED :- Ticket [ticketID=278, ticketName=super ticket, ticketPrice=1000, ticketQuantity=1]. Available number of tickets :- 487
Jan 16, 2025 3:42:13 AM TicketPool removeTicket
INFO: TICKET REMOVED :- Ticket [ticketID=279, ticketName=super ticket, ticketPrice=1000, ticketQuantity=1]. Available number of tickets :- 486
Jan 16, 2025 3:42:13 AM Customer run
INFO: Customer 3 buy a ticket
Jan 16, 2025 3:42:13 AM TicketPool addTickets
INFO: ADDED TICKETS :-  5 TICKETS. NOW POOL SIZE :- 491
Jan 16, 2025 3:42:13 AM Vendor run
INFO: Vendor 1 added 5 tickets.
Jan 16, 2025 3:42:14 AM TicketPool removeTicket
INFO: TICKET REMOVED :- Ticket [ticketID=280, ticketName=super ticket, ticketPrice=1000, ticketQuantity=1]. Available number of tickets :- 490
Jan 16, 2025 3:42:14 AM TicketPool removeTicket
INFO: TICKET REMOVED :- Ticket [ticketID=281, ticketName=super ticket, ticketPrice=1000, ticketQuantity=1]. Available number of tickets :- 489
Jan 16, 2025 3:42:14 AM TicketPool removeTicket
INFO: TICKET REMOVED :- Ticket [ticketID=282, ticketName=super ticket, ticketPrice=1000, ticketQuantity=1]. Available number of tickets :- 488
Jan 16, 2025 3:42:14 AM Customer run
INFO: Customer 1 buy a ticket
Jan 16, 2025 3:42:14 AM TicketPool removeTicket
INFO: TICKET REMOVED :- Ticket [ticketID=283, ticketName=super ticket, ticketPrice=1000, ticketQuantity=1]. Available number of tickets :- 487
Jan 16, 2025 3:42:14 AM TicketPool removeTicket
INFO: TICKET REMOVED :- Ticket [ticketID=284, ticketName=super ticket, ticketPrice=1000, ticketQuantity=1]. Available number of tickets :- 486
Jan 16, 2025 3:42:14 AM TicketPool removeTicket
INFO: TICKET REMOVED :- Ticket [ticketID=285, ticketName=super ticket, ticketPrice=1000, ticketQuantity=1]. Available number of tickets :- 485
Jan 16, 2025 3:42:14 AM Customer run
INFO: Customer 2 buy a ticket
Jan 16, 2025 3:42:14 AM TicketPool removeTicket
INFO: TICKET REMOVED :- Ticket [ticketID=286, ticketName=super ticket, ticketPrice=1000, ticketQuantity=1]. Available number of tickets :- 484
Jan 16, 2025 3:42:14 AM TicketPool removeTicket
INFO: TICKET REMOVED :- Ticket [ticketID=287, ticketName=super ticket, ticketPrice=1000, ticketQuantity=1]. Available number of tickets :- 483
Jan 16, 2025 3:42:14 AM TicketPool removeTicket
INFO: TICKET REMOVED :- Ticket [ticketID=288, ticketName=super ticket, ticketPrice=1000, ticketQuantity=1]. Available number of tickets :- 482
Jan 16, 2025 3:42:14 AM Customer run
INFO: Customer 3 buy a ticket
Jan 16, 2025 3:42:14 AM TicketPool addTickets
INFO: ADDED TICKETS :-  5 TICKETS. NOW POOL SIZE :- 487
Jan 16, 2025 3:42:14 AM Vendor run
INFO: Vendor 1 added 5 tickets.
Jan 16, 2025 3:42:15 AM TicketPool removeTicket
INFO: TICKET REMOVED :- Ticket [ticketID=289, ticketName=super ticket, ticketPrice=1000, ticketQuantity=1]. Available number of tickets :- 486
Jan 16, 2025 3:42:15 AM TicketPool removeTicket
INFO: TICKET REMOVED :- Ticket [ticketID=290, ticketName=super ticket, ticketPrice=1000, ticketQuantity=1]. Available number of tickets :- 485
Jan 16, 2025 3:42:15 AM TicketPool removeTicket
INFO: TICKET REMOVED :- Ticket [ticketID=291, ticketName=super ticket, ticketPrice=1000, ticketQuantity=1]. Available number of tickets :- 484
Jan 16, 2025 3:42:15 AM Customer run
INFO: Customer 1 buy a ticket
Jan 16, 2025 3:42:15 AM TicketPool removeTicket
INFO: TICKET REMOVED :- Ticket [ticketID=292, ticketName=super ticket, ticketPrice=1000, ticketQuantity=1]. Available number of tickets :- 483
Jan 16, 2025 3:42:15 AM TicketPool removeTicket
INFO: TICKET REMOVED :- Ticket [ticketID=293, ticketName=super ticket, ticketPrice=1000, ticketQuantity=1]. Available number of tickets :- 482
Jan 16, 2025 3:42:15 AM TicketPool removeTicket
INFO: TICKET REMOVED :- Ticket [ticketID=294, ticketName=super ticket, ticketPrice=1000, ticketQuantity=1]. Available number of tickets :- 481
Jan 16, 2025 3:42:15 AM Customer run
INFO: Customer 2 buy a ticket
Jan 16, 2025 3:42:15 AM TicketPool removeTicket
INFO: TICKET REMOVED :- Ticket [ticketID=295, ticketName=super ticket, ticketPrice=1000, ticketQuantity=1]. Available number of tickets :- 480
Jan 16, 2025 3:42:15 AM TicketPool removeTicket
INFO: TICKET REMOVED :- Ticket [ticketID=296, ticketName=super ticket, ticketPrice=1000, ticketQuantity=1]. Available number of tickets :- 479
Jan 16, 2025 3:42:15 AM TicketPool removeTicket
INFO: TICKET REMOVED :- Ticket [ticketID=297, ticketName=super ticket, ticketPrice=1000, ticketQuantity=1]. Available number of tickets :- 478
Jan 16, 2025 3:42:15 AM Customer run
INFO: Customer 3 buy a ticket
Jan 16, 2025 3:42:15 AM TicketPool addTickets
INFO: ADDED TICKETS :-  5 TICKETS. NOW POOL SIZE :- 483
Jan 16, 2025 3:42:15 AM Vendor run
INFO: Vendor 1 added 5 tickets.
Jan 16, 2025 3:42:16 AM TicketPool removeTicket
INFO: TICKET REMOVED :- Ticket [ticketID=298, ticketName=super ticket, ticketPrice=1000, ticketQuantity=1]. Available number of tickets :- 482
Jan 16, 2025 3:42:16 AM TicketPool removeTicket
INFO: TICKET REMOVED :- Ticket [ticketID=299, ticketName=super ticket, ticketPrice=1000, ticketQuantity=1]. Available number of tickets :- 481
Jan 16, 2025 3:42:16 AM TicketPool removeTicket
INFO: TICKET REMOVED :- Ticket [ticketID=300, ticketName=super ticket, ticketPrice=1000, ticketQuantity=1]. Available number of tickets :- 480
Jan 16, 2025 3:42:16 AM Customer run
INFO: Customer 1 buy a ticket
Jan 16, 2025 3:42:16 AM TicketPool removeTicket
INFO: TICKET REMOVED :- Ticket [ticketID=301, ticketName=super ticket, ticketPrice=1000, ticketQuantity=1]. Available number of tickets :- 479
Jan 16, 2025 3:42:16 AM TicketPool removeTicket
INFO: TICKET REMOVED :- Ticket [ticketID=302, ticketName=super ticket, ticketPrice=1000, ticketQuantity=1]. Available number of tickets :- 478
Jan 16, 2025 3:42:16 AM TicketPool removeTicket
INFO: TICKET REMOVED :- Ticket [ticketID=303, ticketName=super ticket, ticketPrice=1000, ticketQuantity=1]. Available number of tickets :- 477
Jan 16, 2025 3:42:16 AM Customer run
INFO: Customer 2 buy a ticket
Jan 16, 2025 3:42:16 AM TicketPool removeTicket
INFO: TICKET REMOVED :- Ticket [ticketID=304, ticketName=super ticket, ticketPrice=1000, ticketQuantity=1]. Available number of tickets :- 476
Jan 16, 2025 3:42:16 AM TicketPool removeTicket
INFO: TICKET REMOVED :- Ticket [ticketID=305, ticketName=super ticket, ticketPrice=1000, ticketQuantity=1]. Available number of tickets :- 475
Jan 16, 2025 3:42:16 AM TicketPool removeTicket
INFO: TICKET REMOVED :- Ticket [ticketID=306, ticketName=super ticket, ticketPrice=1000, ticketQuantity=1]. Available number of tickets :- 474
Jan 16, 2025 3:42:16 AM Customer run
INFO: Customer 3 buy a ticket
Jan 16, 2025 3:42:16 AM TicketPool addTickets
INFO: ADDED TICKETS :-  5 TICKETS. NOW POOL SIZE :- 479
Jan 16, 2025 3:42:16 AM Vendor run
INFO: Vendor 1 added 5 tickets.
Jan 16, 2025 3:42:17 AM TicketPool removeTicket
INFO: TICKET REMOVED :- Ticket [ticketID=307, ticketName=super ticket, ticketPrice=1000, ticketQuantity=1]. Available number of tickets :- 478
Jan 16, 2025 3:42:17 AM TicketPool removeTicket
INFO: TICKET REMOVED :- Ticket [ticketID=308, ticketName=super ticket, ticketPrice=1000, ticketQuantity=1]. Available number of tickets :- 477
Jan 16, 2025 3:42:17 AM TicketPool removeTicket
INFO: TICKET REMOVED :- Ticket [ticketID=309, ticketName=super ticket, ticketPrice=1000, ticketQuantity=1]. Available number of tickets :- 476
Jan 16, 2025 3:42:17 AM Customer run
INFO: Customer 1 buy a ticket
Jan 16, 2025 3:42:17 AM TicketPool removeTicket
INFO: TICKET REMOVED :- Ticket [ticketID=310, ticketName=super ticket, ticketPrice=1000, ticketQuantity=1]. Available number of tickets :- 475
Jan 16, 2025 3:42:17 AM TicketPool removeTicket
INFO: TICKET REMOVED :- Ticket [ticketID=311, ticketName=super ticket, ticketPrice=1000, ticketQuantity=1]. Available number of tickets :- 474
Jan 16, 2025 3:42:17 AM TicketPool removeTicket
INFO: TICKET REMOVED :- Ticket [ticketID=312, ticketName=super ticket, ticketPrice=1000, ticketQuantity=1]. Available number of tickets :- 473
Jan 16, 2025 3:42:17 AM Customer run
INFO: Customer 2 buy a ticket
Jan 16, 2025 3:42:17 AM TicketPool removeTicket
INFO: TICKET REMOVED :- Ticket [ticketID=313, ticketName=super ticket, ticketPrice=1000, ticketQuantity=1]. Available number of tickets :- 472
Jan 16, 2025 3:42:17 AM TicketPool removeTicket
INFO: TICKET REMOVED :- Ticket [ticketID=314, ticketName=super ticket, ticketPrice=1000, ticketQuantity=1]. Available number of tickets :- 471
Jan 16, 2025 3:42:17 AM TicketPool removeTicket
INFO: TICKET REMOVED :- Ticket [ticketID=315, ticketName=super ticket, ticketPrice=1000, ticketQuantity=1]. Available number of tickets :- 470
Jan 16, 2025 3:42:17 AM Customer run
INFO: Customer 3 buy a ticket
Jan 16, 2025 3:42:17 AM TicketPool addTickets
INFO: ADDED TICKETS :-  5 TICKETS. NOW POOL SIZE :- 475
Jan 16, 2025 3:42:17 AM Vendor run
INFO: Vendor 1 added 5 tickets.
Jan 16, 2025 3:42:18 AM TicketPool removeTicket
INFO: TICKET REMOVED :- Ticket [ticketID=316, ticketName=super ticket, ticketPrice=1000, ticketQuantity=1]. Available number of tickets :- 474
Jan 16, 2025 3:42:18 AM TicketPool removeTicket
INFO: TICKET REMOVED :- Ticket [ticketID=317, ticketName=super ticket, ticketPrice=1000, ticketQuantity=1]. Available number of tickets :- 473
Jan 16, 2025 3:42:18 AM TicketPool removeTicket
INFO: TICKET REMOVED :- Ticket [ticketID=318, ticketName=super ticket, ticketPrice=1000, ticketQuantity=1]. Available number of tickets :- 472
Jan 16, 2025 3:42:18 AM Customer run
INFO: Customer 1 buy a ticket
Jan 16, 2025 3:42:18 AM TicketPool removeTicket
INFO: TICKET REMOVED :- Ticket [ticketID=319, ticketName=super ticket, ticketPrice=1000, ticketQuantity=1]. Available number of tickets :- 471
Jan 16, 2025 3:42:18 AM TicketPool removeTicket
INFO: TICKET REMOVED :- Ticket [ticketID=320, ticketName=super ticket, ticketPrice=1000, ticketQuantity=1]. Available number of tickets :- 470
Jan 16, 2025 3:42:18 AM TicketPool removeTicket
INFO: TICKET REMOVED :- Ticket [ticketID=321, ticketName=super ticket, ticketPrice=1000, ticketQuantity=1]. Available number of tickets :- 469
Jan 16, 2025 3:42:18 AM Customer run
INFO: Customer 2 buy a ticket
Jan 16, 2025 3:42:18 AM TicketPool removeTicket
INFO: TICKET REMOVED :- Ticket [ticketID=322, ticketName=super ticket, ticketPrice=1000, ticketQuantity=1]. Available number of tickets :- 468
Jan 16, 2025 3:42:18 AM TicketPool removeTicket
INFO: TICKET REMOVED :- Ticket [ticketID=323, ticketName=super ticket, ticketPrice=1000, ticketQuantity=1]. Available number of tickets :- 467
Jan 16, 2025 3:42:18 AM TicketPool removeTicket
INFO: TICKET REMOVED :- Ticket [ticketID=324, ticketName=super ticket, ticketPrice=1000, ticketQuantity=1]. Available number of tickets :- 466
Jan 16, 2025 3:42:18 AM Customer run
INFO: Customer 3 buy a ticket
Jan 16, 2025 3:42:18 AM TicketPool addTickets
INFO: ADDED TICKETS :-  5 TICKETS. NOW POOL SIZE :- 471
Jan 16, 2025 3:42:18 AM Vendor run
INFO: Vendor 1 added 5 tickets.
Jan 16, 2025 3:42:19 AM TicketPool removeTicket
INFO: TICKET REMOVED :- Ticket [ticketID=325, ticketName=super ticket, ticketPrice=1000, ticketQuantity=1]. Available number of tickets :- 470
Jan 16, 2025 3:42:19 AM TicketPool removeTicket
INFO: TICKET REMOVED :- Ticket [ticketID=326, ticketName=super ticket, ticketPrice=1000, ticketQuantity=1]. Available number of tickets :- 469
Jan 16, 2025 3:42:19 AM TicketPool removeTicket
INFO: TICKET REMOVED :- Ticket [ticketID=327, ticketName=super ticket, ticketPrice=1000, ticketQuantity=1]. Available number of tickets :- 468
Jan 16, 2025 3:42:19 AM Customer run
INFO: Customer 1 buy a ticket
Jan 16, 2025 3:42:19 AM TicketPool removeTicket
INFO: TICKET REMOVED :- Ticket [ticketID=328, ticketName=super ticket, ticketPrice=1000, ticketQuantity=1]. Available number of tickets :- 467
Jan 16, 2025 3:42:19 AM TicketPool removeTicket
INFO: TICKET REMOVED :- Ticket [ticketID=329, ticketName=super ticket, ticketPrice=1000, ticketQuantity=1]. Available number of tickets :- 466
Jan 16, 2025 3:42:19 AM TicketPool removeTicket
INFO: TICKET REMOVED :- Ticket [ticketID=330, ticketName=super ticket, ticketPrice=1000, ticketQuantity=1]. Available number of tickets :- 465
Jan 16, 2025 3:42:19 AM Customer run
INFO: Customer 2 buy a ticket
Jan 16, 2025 3:42:19 AM TicketPool removeTicket
INFO: TICKET REMOVED :- Ticket [ticketID=331, ticketName=super ticket, ticketPrice=1000, ticketQuantity=1]. Available number of tickets :- 464
Jan 16, 2025 3:42:19 AM TicketPool removeTicket
INFO: TICKET REMOVED :- Ticket [ticketID=332, ticketName=super ticket, ticketPrice=1000, ticketQuantity=1]. Available number of tickets :- 463
Jan 16, 2025 3:42:19 AM TicketPool removeTicket
INFO: TICKET REMOVED :- Ticket [ticketID=333, ticketName=super ticket, ticketPrice=1000, ticketQuantity=1]. Available number of tickets :- 462
Jan 16, 2025 3:42:19 AM Customer run
INFO: Customer 3 buy a ticket
Jan 16, 2025 3:42:19 AM TicketPool addTickets
INFO: ADDED TICKETS :-  5 TICKETS. NOW POOL SIZE :- 467
Jan 16, 2025 3:42:19 AM Vendor run
INFO: Vendor 1 added 5 tickets.
Jan 16, 2025 3:42:20 AM TicketPool removeTicket
INFO: TICKET REMOVED :- Ticket [ticketID=334, ticketName=super ticket, ticketPrice=1000, ticketQuantity=1]. Available number of tickets :- 466
Jan 16, 2025 3:42:20 AM TicketPool removeTicket
INFO: TICKET REMOVED :- Ticket [ticketID=335, ticketName=super ticket, ticketPrice=1000, ticketQuantity=1]. Available number of tickets :- 465
Jan 16, 2025 3:42:20 AM TicketPool removeTicket
INFO: TICKET REMOVED :- Ticket [ticketID=336, ticketName=super ticket, ticketPrice=1000, ticketQuantity=1]. Available number of tickets :- 464
Jan 16, 2025 3:42:20 AM Customer run
INFO: Customer 1 buy a ticket
Jan 16, 2025 3:42:20 AM TicketPool removeTicket
INFO: TICKET REMOVED :- Ticket [ticketID=337, ticketName=super ticket, ticketPrice=1000, ticketQuantity=1]. Available number of tickets :- 463
Jan 16, 2025 3:42:20 AM TicketPool removeTicket
INFO: TICKET REMOVED :- Ticket [ticketID=338, ticketName=super ticket, ticketPrice=1000, ticketQuantity=1]. Available number of tickets :- 462
Jan 16, 2025 3:42:20 AM TicketPool removeTicket
INFO: TICKET REMOVED :- Ticket [ticketID=339, ticketName=super ticket, ticketPrice=1000, ticketQuantity=1]. Available number of tickets :- 461
Jan 16, 2025 3:42:20 AM Customer run
INFO: Customer 2 buy a ticket
Jan 16, 2025 3:42:20 AM TicketPool removeTicket
INFO: TICKET REMOVED :- Ticket [ticketID=340, ticketName=super ticket, ticketPrice=1000, ticketQuantity=1]. Available number of tickets :- 460
Jan 16, 2025 3:42:20 AM TicketPool removeTicket
INFO: TICKET REMOVED :- Ticket [ticketID=341, ticketName=super ticket, ticketPrice=1000, ticketQuantity=1]. Available number of tickets :- 459
Jan 16, 2025 3:42:20 AM TicketPool removeTicket
INFO: TICKET REMOVED :- Ticket [ticketID=342, ticketName=super ticket, ticketPrice=1000, ticketQuantity=1]. Available number of tickets :- 458
Jan 16, 2025 3:42:20 AM Customer run
INFO: Customer 3 buy a ticket
Jan 16, 2025 3:42:20 AM TicketPool addTickets
INFO: ADDED TICKETS :-  5 TICKETS. NOW POOL SIZE :- 463
Jan 16, 2025 3:42:20 AM Vendor run
INFO: Vendor 1 added 5 tickets.
Jan 16, 2025 3:42:21 AM TicketPool removeTicket
INFO: TICKET REMOVED :- Ticket [ticketID=343, ticketName=super ticket, ticketPrice=1000, ticketQuantity=1]. Available number of tickets :- 462
Jan 16, 2025 3:42:21 AM TicketPool removeTicket
INFO: TICKET REMOVED :- Ticket [ticketID=344, ticketName=super ticket, ticketPrice=1000, ticketQuantity=1]. Available number of tickets :- 461
Jan 16, 2025 3:42:21 AM TicketPool removeTicket
INFO: TICKET REMOVED :- Ticket [ticketID=345, ticketName=super ticket, ticketPrice=1000, ticketQuantity=1]. Available number of tickets :- 460
Jan 16, 2025 3:42:21 AM Customer run
INFO: Customer 1 buy a ticket
Jan 16, 2025 3:42:21 AM TicketPool removeTicket
INFO: TICKET REMOVED :- Ticket [ticketID=346, ticketName=super ticket, ticketPrice=1000, ticketQuantity=1]. Available number of tickets :- 459
Jan 16, 2025 3:42:21 AM TicketPool removeTicket
INFO: TICKET REMOVED :- Ticket [ticketID=347, ticketName=super ticket, ticketPrice=1000, ticketQuantity=1]. Available number of tickets :- 458
Jan 16, 2025 3:42:21 AM TicketPool removeTicket
INFO: TICKET REMOVED :- Ticket [ticketID=348, ticketName=super ticket, ticketPrice=1000, ticketQuantity=1]. Available number of tickets :- 457
Jan 16, 2025 3:42:21 AM Customer run
INFO: Customer 2 buy a ticket
Jan 16, 2025 3:42:21 AM TicketPool removeTicket
INFO: TICKET REMOVED :- Ticket [ticketID=349, ticketName=super ticket, ticketPrice=1000, ticketQuantity=1]. Available number of tickets :- 456
Jan 16, 2025 3:42:21 AM TicketPool removeTicket
INFO: TICKET REMOVED :- Ticket [ticketID=350, ticketName=super ticket, ticketPrice=1000, ticketQuantity=1]. Available number of tickets :- 455
Jan 16, 2025 3:42:21 AM TicketPool removeTicket
INFO: TICKET REMOVED :- Ticket [ticketID=351, ticketName=super ticket, ticketPrice=1000, ticketQuantity=1]. Available number of tickets :- 454
Jan 16, 2025 3:42:21 AM Customer run
INFO: Customer 3 buy a ticket
Jan 16, 2025 3:42:21 AM TicketPool addTickets
INFO: ADDED TICKETS :-  5 TICKETS. NOW POOL SIZE :- 459
Jan 16, 2025 3:42:21 AM Vendor run
INFO: Vendor 1 added 5 tickets.
Jan 16, 2025 3:42:22 AM TicketPool removeTicket
INFO: TICKET REMOVED :- Ticket [ticketID=352, ticketName=super ticket, ticketPrice=1000, ticketQuantity=1]. Available number of tickets :- 458
Jan 16, 2025 3:42:22 AM TicketPool removeTicket
INFO: TICKET REMOVED :- Ticket [ticketID=353, ticketName=super ticket, ticketPrice=1000, ticketQuantity=1]. Available number of tickets :- 457
Jan 16, 2025 3:42:22 AM TicketPool removeTicket
INFO: TICKET REMOVED :- Ticket [ticketID=354, ticketName=super ticket, ticketPrice=1000, ticketQuantity=1]. Available number of tickets :- 456
Jan 16, 2025 3:42:22 AM Customer run
INFO: Customer 1 buy a ticket
Jan 16, 2025 3:42:22 AM TicketPool removeTicket
INFO: TICKET REMOVED :- Ticket [ticketID=355, ticketName=super ticket, ticketPrice=1000, ticketQuantity=1]. Available number of tickets :- 455
Jan 16, 2025 3:42:22 AM TicketPool removeTicket
INFO: TICKET REMOVED :- Ticket [ticketID=356, ticketName=super ticket, ticketPrice=1000, ticketQuantity=1]. Available number of tickets :- 454
Jan 16, 2025 3:42:22 AM TicketPool removeTicket
INFO: TICKET REMOVED :- Ticket [ticketID=357, ticketName=super ticket, ticketPrice=1000, ticketQuantity=1]. Available number of tickets :- 453
Jan 16, 2025 3:42:22 AM Customer run
INFO: Customer 2 buy a ticket
Jan 16, 2025 3:42:22 AM TicketPool removeTicket
INFO: TICKET REMOVED :- Ticket [ticketID=358, ticketName=super ticket, ticketPrice=1000, ticketQuantity=1]. Available number of tickets :- 452
Jan 16, 2025 3:42:22 AM TicketPool removeTicket
INFO: TICKET REMOVED :- Ticket [ticketID=359, ticketName=super ticket, ticketPrice=1000, ticketQuantity=1]. Available number of tickets :- 451
Jan 16, 2025 3:42:22 AM TicketPool removeTicket
INFO: TICKET REMOVED :- Ticket [ticketID=360, ticketName=super ticket, ticketPrice=1000, ticketQuantity=1]. Available number of tickets :- 450
Jan 16, 2025 3:42:22 AM Customer run
INFO: Customer 3 buy a ticket
Jan 16, 2025 3:42:22 AM TicketPool addTickets
INFO: ADDED TICKETS :-  5 TICKETS. NOW POOL SIZE :- 455
Jan 16, 2025 3:42:22 AM Vendor run
INFO: Vendor 1 added 5 tickets.
Jan 16, 2025 3:42:23 AM TicketPool removeTicket
INFO: TICKET REMOVED :- Ticket [ticketID=361, ticketName=super ticket, ticketPrice=1000, ticketQuantity=1]. Available number of tickets :- 454
Jan 16, 2025 3:42:23 AM TicketPool removeTicket
INFO: TICKET REMOVED :- Ticket [ticketID=362, ticketName=super ticket, ticketPrice=1000, ticketQuantity=1]. Available number of tickets :- 453
Jan 16, 2025 3:42:23 AM TicketPool removeTicket
INFO: TICKET REMOVED :- Ticket [ticketID=363, ticketName=super ticket, ticketPrice=1000, ticketQuantity=1]. Available number of tickets :- 452
Jan 16, 2025 3:42:23 AM Customer run
INFO: Customer 1 buy a ticket
Jan 16, 2025 3:42:23 AM TicketPool removeTicket
INFO: TICKET REMOVED :- Ticket [ticketID=364, ticketName=super ticket, ticketPrice=1000, ticketQuantity=1]. Available number of tickets :- 451
Jan 16, 2025 3:42:23 AM TicketPool removeTicket
INFO: TICKET REMOVED :- Ticket [ticketID=365, ticketName=super ticket, ticketPrice=1000, ticketQuantity=1]. Available number of tickets :- 450
Jan 16, 2025 3:42:23 AM TicketPool removeTicket
INFO: TICKET REMOVED :- Ticket [ticketID=366, ticketName=super ticket, ticketPrice=1000, ticketQuantity=1]. Available number of tickets :- 449
Jan 16, 2025 3:42:23 AM Customer run
INFO: Customer 2 buy a ticket
Jan 16, 2025 3:42:23 AM TicketPool removeTicket
INFO: TICKET REMOVED :- Ticket [ticketID=367, ticketName=super ticket, ticketPrice=1000, ticketQuantity=1]. Available number of tickets :- 448
Jan 16, 2025 3:42:23 AM TicketPool removeTicket
INFO: TICKET REMOVED :- Ticket [ticketID=368, ticketName=super ticket, ticketPrice=1000, ticketQuantity=1]. Available number of tickets :- 447
Jan 16, 2025 3:42:23 AM TicketPool removeTicket
INFO: TICKET REMOVED :- Ticket [ticketID=369, ticketName=super ticket, ticketPrice=1000, ticketQuantity=1]. Available number of tickets :- 446
Jan 16, 2025 3:42:23 AM Customer run
INFO: Customer 3 buy a ticket
Jan 16, 2025 3:42:23 AM TicketPool addTickets
INFO: ADDED TICKETS :-  5 TICKETS. NOW POOL SIZE :- 451
Jan 16, 2025 3:42:23 AM Vendor run
INFO: Vendor 1 added 5 tickets.
Jan 16, 2025 3:42:24 AM TicketPool removeTicket
INFO: TICKET REMOVED :- Ticket [ticketID=370, ticketName=super ticket, ticketPrice=1000, ticketQuantity=1]. Available number of tickets :- 450
Jan 16, 2025 3:42:24 AM TicketPool removeTicket
INFO: TICKET REMOVED :- Ticket [ticketID=371, ticketName=super ticket, ticketPrice=1000, ticketQuantity=1]. Available number of tickets :- 449
Jan 16, 2025 3:42:24 AM TicketPool removeTicket
INFO: TICKET REMOVED :- Ticket [ticketID=372, ticketName=super ticket, ticketPrice=1000, ticketQuantity=1]. Available number of tickets :- 448
Jan 16, 2025 3:42:24 AM Customer run
INFO: Customer 1 buy a ticket
Jan 16, 2025 3:42:24 AM TicketPool removeTicket
INFO: TICKET REMOVED :- Ticket [ticketID=373, ticketName=super ticket, ticketPrice=1000, ticketQuantity=1]. Available number of tickets :- 447
Jan 16, 2025 3:42:24 AM TicketPool removeTicket
INFO: TICKET REMOVED :- Ticket [ticketID=374, ticketName=super ticket, ticketPrice=1000, ticketQuantity=1]. Available number of tickets :- 446
Jan 16, 2025 3:42:24 AM TicketPool removeTicket
INFO: TICKET REMOVED :- Ticket [ticketID=375, ticketName=super ticket, ticketPrice=1000, ticketQuantity=1]. Available number of tickets :- 445
Jan 16, 2025 3:42:24 AM Customer run
INFO: Customer 2 buy a ticket
Jan 16, 2025 3:42:24 AM TicketPool removeTicket
INFO: TICKET REMOVED :- Ticket [ticketID=376, ticketName=super ticket, ticketPrice=1000, ticketQuantity=1]. Available number of tickets :- 444
Jan 16, 2025 3:42:24 AM TicketPool removeTicket
INFO: TICKET REMOVED :- Ticket [ticketID=377, ticketName=super ticket, ticketPrice=1000, ticketQuantity=1]. Available number of tickets :- 443
Jan 16, 2025 3:42:24 AM TicketPool removeTicket
INFO: TICKET REMOVED :- Ticket [ticketID=378, ticketName=super ticket, ticketPrice=1000, ticketQuantity=1]. Available number of tickets :- 442
Jan 16, 2025 3:42:24 AM Customer run
INFO: Customer 3 buy a ticket
Jan 16, 2025 3:42:24 AM TicketPool addTickets
INFO: ADDED TICKETS :-  5 TICKETS. NOW POOL SIZE :- 447
Jan 16, 2025 3:42:24 AM Vendor run
INFO: Vendor 1 added 5 tickets.
Jan 16, 2025 3:42:25 AM TicketPool removeTicket
INFO: TICKET REMOVED :- Ticket [ticketID=379, ticketName=super ticket, ticketPrice=1000, ticketQuantity=1]. Available number of tickets :- 446
Jan 16, 2025 3:42:25 AM TicketPool removeTicket
INFO: TICKET REMOVED :- Ticket [ticketID=380, ticketName=super ticket, ticketPrice=1000, ticketQuantity=1]. Available number of tickets :- 445
Jan 16, 2025 3:42:25 AM TicketPool removeTicket
INFO: TICKET REMOVED :- Ticket [ticketID=381, ticketName=super ticket, ticketPrice=1000, ticketQuantity=1]. Available number of tickets :- 444
Jan 16, 2025 3:42:25 AM Customer run
INFO: Customer 1 buy a ticket
Jan 16, 2025 3:42:25 AM TicketPool removeTicket
INFO: TICKET REMOVED :- Ticket [ticketID=382, ticketName=super ticket, ticketPrice=1000, ticketQuantity=1]. Available number of tickets :- 443
Jan 16, 2025 3:42:25 AM TicketPool removeTicket
INFO: TICKET REMOVED :- Ticket [ticketID=383, ticketName=super ticket, ticketPrice=1000, ticketQuantity=1]. Available number of tickets :- 442
Jan 16, 2025 3:42:25 AM TicketPool removeTicket
INFO: TICKET REMOVED :- Ticket [ticketID=384, ticketName=super ticket, ticketPrice=1000, ticketQuantity=1]. Available number of tickets :- 441
Jan 16, 2025 3:42:25 AM Customer run
INFO: Customer 2 buy a ticket
Jan 16, 2025 3:42:25 AM TicketPool removeTicket
INFO: TICKET REMOVED :- Ticket [ticketID=385, ticketName=super ticket, ticketPrice=1000, ticketQuantity=1]. Available number of tickets :- 440
Jan 16, 2025 3:42:25 AM TicketPool removeTicket
INFO: TICKET REMOVED :- Ticket [ticketID=386, ticketName=super ticket, ticketPrice=1000, ticketQuantity=1]. Available number of tickets :- 439
Jan 16, 2025 3:42:25 AM TicketPool removeTicket
INFO: TICKET REMOVED :- Ticket [ticketID=387, ticketName=super ticket, ticketPrice=1000, ticketQuantity=1]. Available number of tickets :- 438
Jan 16, 2025 3:42:25 AM Customer run
INFO: Customer 3 buy a ticket
Jan 16, 2025 3:42:25 AM TicketPool addTickets
INFO: ADDED TICKETS :-  5 TICKETS. NOW POOL SIZE :- 443
Jan 16, 2025 3:42:25 AM Vendor run
INFO: Vendor 1 added 5 tickets.
Jan 16, 2025 3:42:26 AM TicketPool removeTicket
INFO: TICKET REMOVED :- Ticket [ticketID=388, ticketName=super ticket, ticketPrice=1000, ticketQuantity=1]. Available number of tickets :- 442
Jan 16, 2025 3:42:26 AM TicketPool removeTicket
INFO: TICKET REMOVED :- Ticket [ticketID=389, ticketName=super ticket, ticketPrice=1000, ticketQuantity=1]. Available number of tickets :- 441
Jan 16, 2025 3:42:26 AM TicketPool removeTicket
INFO: TICKET REMOVED :- Ticket [ticketID=390, ticketName=super ticket, ticketPrice=1000, ticketQuantity=1]. Available number of tickets :- 440
Jan 16, 2025 3:42:26 AM Customer run
INFO: Customer 1 buy a ticket
Jan 16, 2025 3:42:26 AM TicketPool removeTicket
INFO: TICKET REMOVED :- Ticket [ticketID=391, ticketName=super ticket, ticketPrice=1000, ticketQuantity=1]. Available number of tickets :- 439
Jan 16, 2025 3:42:26 AM TicketPool removeTicket
INFO: TICKET REMOVED :- Ticket [ticketID=392, ticketName=super ticket, ticketPrice=1000, ticketQuantity=1]. Available number of tickets :- 438
Jan 16, 2025 3:42:26 AM TicketPool removeTicket
INFO: TICKET REMOVED :- Ticket [ticketID=393, ticketName=super ticket, ticketPrice=1000, ticketQuantity=1]. Available number of tickets :- 437
Jan 16, 2025 3:42:26 AM Customer run
INFO: Customer 2 buy a ticket
Jan 16, 2025 3:42:26 AM TicketPool removeTicket
INFO: TICKET REMOVED :- Ticket [ticketID=394, ticketName=super ticket, ticketPrice=1000, ticketQuantity=1]. Available number of tickets :- 436
Jan 16, 2025 3:42:26 AM TicketPool removeTicket
INFO: TICKET REMOVED :- Ticket [ticketID=395, ticketName=super ticket, ticketPrice=1000, ticketQuantity=1]. Available number of tickets :- 435
Jan 16, 2025 3:42:26 AM TicketPool removeTicket
INFO: TICKET REMOVED :- Ticket [ticketID=396, ticketName=super ticket, ticketPrice=1000, ticketQuantity=1]. Available number of tickets :- 434
Jan 16, 2025 3:42:26 AM Customer run
INFO: Customer 3 buy a ticket
Jan 16, 2025 3:42:26 AM TicketPool addTickets
INFO: ADDED TICKETS :-  5 TICKETS. NOW POOL SIZE :- 439
Jan 16, 2025 3:42:26 AM Vendor run
INFO: Vendor 1 added 5 tickets.
Jan 16, 2025 3:42:27 AM TicketPool removeTicket
INFO: TICKET REMOVED :- Ticket [ticketID=397, ticketName=super ticket, ticketPrice=1000, ticketQuantity=1]. Available number of tickets :- 438
Jan 16, 2025 3:42:27 AM TicketPool removeTicket
INFO: TICKET REMOVED :- Ticket [ticketID=398, ticketName=super ticket, ticketPrice=1000, ticketQuantity=1]. Available number of tickets :- 437
Jan 16, 2025 3:42:27 AM TicketPool removeTicket
INFO: TICKET REMOVED :- Ticket [ticketID=399, ticketName=super ticket, ticketPrice=1000, ticketQuantity=1]. Available number of tickets :- 436
Jan 16, 2025 3:42:27 AM Customer run
INFO: Customer 1 buy a ticket
Jan 16, 2025 3:42:27 AM TicketPool removeTicket
INFO: TICKET REMOVED :- Ticket [ticketID=400, ticketName=super ticket, ticketPrice=1000, ticketQuantity=1]. Available number of tickets :- 435
Jan 16, 2025 3:42:27 AM TicketPool removeTicket
INFO: TICKET REMOVED :- Ticket [ticketID=401, ticketName=super ticket, ticketPrice=1000, ticketQuantity=1]. Available number of tickets :- 434
Jan 16, 2025 3:42:27 AM TicketPool removeTicket
INFO: TICKET REMOVED :- Ticket [ticketID=402, ticketName=super ticket, ticketPrice=1000, ticketQuantity=1]. Available number of tickets :- 433
Jan 16, 2025 3:42:27 AM Customer run
INFO: Customer 2 buy a ticket
Jan 16, 2025 3:42:27 AM TicketPool removeTicket
INFO: TICKET REMOVED :- Ticket [ticketID=403, ticketName=super ticket, ticketPrice=1000, ticketQuantity=1]. Available number of tickets :- 432
Jan 16, 2025 3:42:27 AM TicketPool removeTicket
INFO: TICKET REMOVED :- Ticket [ticketID=404, ticketName=super ticket, ticketPrice=1000, ticketQuantity=1]. Available number of tickets :- 431
Jan 16, 2025 3:42:27 AM TicketPool removeTicket
INFO: TICKET REMOVED :- Ticket [ticketID=405, ticketName=super ticket, ticketPrice=1000, ticketQuantity=1]. Available number of tickets :- 430
Jan 16, 2025 3:42:27 AM Customer run
INFO: Customer 3 buy a ticket
Jan 16, 2025 3:42:27 AM TicketPool addTickets
INFO: ADDED TICKETS :-  5 TICKETS. NOW POOL SIZE :- 435
Jan 16, 2025 3:42:27 AM Vendor run
INFO: Vendor 1 added 5 tickets.
Jan 16, 2025 3:42:28 AM TicketPool removeTicket
INFO: TICKET REMOVED :- Ticket [ticketID=406, ticketName=super ticket, ticketPrice=1000, ticketQuantity=1]. Available number of tickets :- 434
Jan 16, 2025 3:42:28 AM TicketPool removeTicket
INFO: TICKET REMOVED :- Ticket [ticketID=407, ticketName=super ticket, ticketPrice=1000, ticketQuantity=1]. Available number of tickets :- 433
Jan 16, 2025 3:42:28 AM TicketPool removeTicket
INFO: TICKET REMOVED :- Ticket [ticketID=408, ticketName=super ticket, ticketPrice=1000, ticketQuantity=1]. Available number of tickets :- 432
Jan 16, 2025 3:42:28 AM Customer run
INFO: Customer 1 buy a ticket
Jan 16, 2025 3:42:28 AM TicketPool removeTicket
INFO: TICKET REMOVED :- Ticket [ticketID=409, ticketName=super ticket, ticketPrice=1000, ticketQuantity=1]. Available number of tickets :- 431
Jan 16, 2025 3:42:28 AM TicketPool removeTicket
INFO: TICKET REMOVED :- Ticket [ticketID=410, ticketName=super ticket, ticketPrice=1000, ticketQuantity=1]. Available number of tickets :- 430
Jan 16, 2025 3:42:28 AM TicketPool removeTicket
INFO: TICKET REMOVED :- Ticket [ticketID=411, ticketName=super ticket, ticketPrice=1000, ticketQuantity=1]. Available number of tickets :- 429
Jan 16, 2025 3:42:28 AM Customer run
INFO: Customer 2 buy a ticket
Jan 16, 2025 3:42:28 AM TicketPool removeTicket
INFO: TICKET REMOVED :- Ticket [ticketID=412, ticketName=super ticket, ticketPrice=1000, ticketQuantity=1]. Available number of tickets :- 428
Jan 16, 2025 3:42:28 AM TicketPool removeTicket
INFO: TICKET REMOVED :- Ticket [ticketID=413, ticketName=super ticket, ticketPrice=1000, ticketQuantity=1]. Available number of tickets :- 427
Jan 16, 2025 3:42:28 AM TicketPool removeTicket
INFO: TICKET REMOVED :- Ticket [ticketID=414, ticketName=super ticket, ticketPrice=1000, ticketQuantity=1]. Available number of tickets :- 426
Jan 16, 2025 3:42:28 AM Customer run
INFO: Customer 3 buy a ticket
Jan 16, 2025 3:42:28 AM TicketPool addTickets
INFO: ADDED TICKETS :-  5 TICKETS. NOW POOL SIZE :- 431
Jan 16, 2025 3:42:28 AM Vendor run
INFO: Vendor 1 added 5 tickets.
Jan 16, 2025 3:42:29 AM TicketPool removeTicket
INFO: TICKET REMOVED :- Ticket [ticketID=415, ticketName=super ticket, ticketPrice=1000, ticketQuantity=1]. Available number of tickets :- 430
Jan 16, 2025 3:42:29 AM TicketPool removeTicket
INFO: TICKET REMOVED :- Ticket [ticketID=416, ticketName=super ticket, ticketPrice=1000, ticketQuantity=1]. Available number of tickets :- 429
Jan 16, 2025 3:42:29 AM TicketPool removeTicket
INFO: TICKET REMOVED :- Ticket [ticketID=417, ticketName=super ticket, ticketPrice=1000, ticketQuantity=1]. Available number of tickets :- 428
Jan 16, 2025 3:42:29 AM Customer run
INFO: Customer 1 buy a ticket
Jan 16, 2025 3:42:29 AM TicketPool removeTicket
INFO: TICKET REMOVED :- Ticket [ticketID=418, ticketName=super ticket, ticketPrice=1000, ticketQuantity=1]. Available number of tickets :- 427
Jan 16, 2025 3:42:29 AM TicketPool removeTicket
INFO: TICKET REMOVED :- Ticket [ticketID=419, ticketName=super ticket, ticketPrice=1000, ticketQuantity=1]. Available number of tickets :- 426
Jan 16, 2025 3:42:29 AM TicketPool removeTicket
INFO: TICKET REMOVED :- Ticket [ticketID=420, ticketName=super ticket, ticketPrice=1000, ticketQuantity=1]. Available number of tickets :- 425
Jan 16, 2025 3:42:29 AM Customer run
INFO: Customer 2 buy a ticket
Jan 16, 2025 3:42:29 AM TicketPool removeTicket
INFO: TICKET REMOVED :- Ticket [ticketID=421, ticketName=super ticket, ticketPrice=1000, ticketQuantity=1]. Available number of tickets :- 424
Jan 16, 2025 3:42:29 AM TicketPool removeTicket
INFO: TICKET REMOVED :- Ticket [ticketID=422, ticketName=super ticket, ticketPrice=1000, ticketQuantity=1]. Available number of tickets :- 423
Jan 16, 2025 3:42:29 AM TicketPool removeTicket
INFO: TICKET REMOVED :- Ticket [ticketID=423, ticketName=super ticket, ticketPrice=1000, ticketQuantity=1]. Available number of tickets :- 422
Jan 16, 2025 3:42:29 AM Customer run
INFO: Customer 3 buy a ticket
Jan 16, 2025 3:42:29 AM TicketPool addTickets
INFO: ADDED TICKETS :-  5 TICKETS. NOW POOL SIZE :- 427
Jan 16, 2025 3:42:29 AM Vendor run
INFO: Vendor 1 added 5 tickets.
Jan 16, 2025 3:42:40 AM Configuration saveConfigToTextFile
INFO: Configuration saved to text file: configurationtext_file
Jan 16, 2025 3:42:40 AM TicketSystem main
INFO: CONFIGURATION FILE SAVED TO config.json
Jan 16, 2025 3:42:40 AM TicketPool addTickets
INFO: ADDED TICKETS :-  3 TICKETS. NOW POOL SIZE :- 53
Jan 16, 2025 3:42:40 AM TicketPool addTickets
INFO: ADDED TICKETS :-  3 TICKETS. NOW POOL SIZE :- 56
Jan 16, 2025 3:42:40 AM TicketPool addTickets
INFO: ADDED TICKETS :-  3 TICKETS. NOW POOL SIZE :- 59
Jan 16, 2025 3:42:40 AM Vendor run
INFO: Vendor 5 added 3 tickets.
Jan 16, 2025 3:42:40 AM Vendor run
INFO: Vendor 1 added 3 tickets.
Jan 16, 2025 3:42:40 AM Vendor run
INFO: Vendor 4 added 3 tickets.
Jan 16, 2025 3:42:40 AM TicketSystem runSystem
INFO: TICKET SYSTEM IS RUNNING
Jan 16, 2025 3:42:40 AM TicketPool addTickets
INFO: ADDED TICKETS :-  3 TICKETS. NOW POOL SIZE :- 62
Jan 16, 2025 3:42:40 AM Vendor run
INFO: Vendor 3 added 3 tickets.
Jan 16, 2025 3:42:40 AM TicketPool addTickets
INFO: ADDED TICKETS :-  3 TICKETS. NOW POOL SIZE :- 65
Jan 16, 2025 3:42:40 AM Vendor run
INFO: Vendor 2 added 3 tickets.
Jan 16, 2025 3:42:40 AM TicketPool removeTicket
INFO: TICKET REMOVED :- Ticket [ticketID=1, ticketName=generic ticket, ticketPrice=1000, ticketQuantity=1]. Available number of tickets :- 64
Jan 16, 2025 3:42:40 AM TicketPool removeTicket
INFO: TICKET REMOVED :- Ticket [ticketID=2, ticketName=generic ticket, ticketPrice=1000, ticketQuantity=1]. Available number of tickets :- 63
Jan 16, 2025 3:42:40 AM TicketPool removeTicket
INFO: TICKET REMOVED :- Ticket [ticketID=3, ticketName=generic ticket, ticketPrice=1000, ticketQuantity=1]. Available number of tickets :- 62
Jan 16, 2025 3:42:40 AM TicketPool removeTicket
INFO: TICKET REMOVED :- Ticket [ticketID=4, ticketName=generic ticket, ticketPrice=1000, ticketQuantity=1]. Available number of tickets :- 61
Jan 16, 2025 3:42:40 AM TicketPool removeTicket
INFO: TICKET REMOVED :- Ticket [ticketID=5, ticketName=generic ticket, ticketPrice=1000, ticketQuantity=1]. Available number of tickets :- 60
Jan 16, 2025 3:42:40 AM TicketPool removeTicket
INFO: TICKET REMOVED :- Ticket [ticketID=6, ticketName=generic ticket, ticketPrice=1000, ticketQuantity=1]. Available number of tickets :- 59
Jan 16, 2025 3:42:40 AM Customer run
INFO: Customer 3 buy a ticket
Jan 16, 2025 3:42:40 AM TicketPool removeTicket
INFO: TICKET REMOVED :- Ticket [ticketID=7, ticketName=generic ticket, ticketPrice=1000, ticketQuantity=1]. Available number of tickets :- 58
Jan 16, 2025 3:42:40 AM TicketPool removeTicket
INFO: TICKET REMOVED :- Ticket [ticketID=8, ticketName=generic ticket, ticketPrice=1000, ticketQuantity=1]. Available number of tickets :- 57
Jan 16, 2025 3:42:40 AM TicketPool removeTicket
INFO: TICKET REMOVED :- Ticket [ticketID=9, ticketName=generic ticket, ticketPrice=1000, ticketQuantity=1]. Available number of tickets :- 56
Jan 16, 2025 3:42:40 AM TicketPool removeTicket
INFO: TICKET REMOVED :- Ticket [ticketID=10, ticketName=generic ticket, ticketPrice=1000, ticketQuantity=1]. Available number of tickets :- 55
Jan 16, 2025 3:42:40 AM Customer run
INFO: Customer 2 buy a ticket
Jan 16, 2025 3:42:40 AM TicketPool removeTicket
INFO: TICKET REMOVED :- Ticket [ticketID=11, ticketName=generic ticket, ticketPrice=1000, ticketQuantity=1]. Available number of tickets :- 54
Jan 16, 2025 3:42:40 AM TicketPool removeTicket
INFO: TICKET REMOVED :- Ticket [ticketID=12, ticketName=generic ticket, ticketPrice=1000, ticketQuantity=1]. Available number of tickets :- 53
Jan 16, 2025 3:42:40 AM TicketPool removeTicket
INFO: TICKET REMOVED :- Ticket [ticketID=13, ticketName=generic ticket, ticketPrice=1000, ticketQuantity=1]. Available number of tickets :- 52
Jan 16, 2025 3:42:40 AM TicketPool removeTicket
INFO: TICKET REMOVED :- Ticket [ticketID=14, ticketName=generic ticket, ticketPrice=1000, ticketQuantity=1]. Available number of tickets :- 51
Jan 16, 2025 3:42:40 AM TicketPool removeTicket
INFO: TICKET REMOVED :- Ticket [ticketID=15, ticketName=generic ticket, ticketPrice=1000, ticketQuantity=1]. Available number of tickets :- 50
Jan 16, 2025 3:42:40 AM Customer run
INFO: Customer 1 buy a ticket
Jan 16, 2025 3:42:41 AM TicketPool addTickets
INFO: ADDED TICKETS :-  3 TICKETS. NOW POOL SIZE :- 53
Jan 16, 2025 3:42:41 AM TicketPool addTickets
INFO: ADDED TICKETS :-  3 TICKETS. NOW POOL SIZE :- 56
Jan 16, 2025 3:42:41 AM Vendor run
INFO: Vendor 1 added 3 tickets.
Jan 16, 2025 3:42:41 AM Vendor run
INFO: Vendor 5 added 3 tickets.
Jan 16, 2025 3:42:41 AM TicketPool addTickets
INFO: ADDED TICKETS :-  3 TICKETS. NOW POOL SIZE :- 59
Jan 16, 2025 3:42:41 AM Vendor run
INFO: Vendor 4 added 3 tickets.
Jan 16, 2025 3:42:41 AM TicketPool addTickets
INFO: ADDED TICKETS :-  3 TICKETS. NOW POOL SIZE :- 62
Jan 16, 2025 3:42:41 AM Vendor run
INFO: Vendor 3 added 3 tickets.
Jan 16, 2025 3:42:41 AM TicketPool addTickets
INFO: ADDED TICKETS :-  3 TICKETS. NOW POOL SIZE :- 65
Jan 16, 2025 3:42:41 AM Vendor run
INFO: Vendor 2 added 3 tickets.
Jan 16, 2025 3:42:41 AM TicketPool removeTicket
INFO: TICKET REMOVED :- Ticket [ticketID=16, ticketName=generic ticket, ticketPrice=1000, ticketQuantity=1]. Available number of tickets :- 64
Jan 16, 2025 3:42:41 AM TicketPool removeTicket
INFO: TICKET REMOVED :- Ticket [ticketID=17, ticketName=generic ticket, ticketPrice=1000, ticketQuantity=1]. Available number of tickets :- 63
Jan 16, 2025 3:42:41 AM TicketPool removeTicket
INFO: TICKET REMOVED :- Ticket [ticketID=18, ticketName=generic ticket, ticketPrice=1000, ticketQuantity=1]. Available number of tickets :- 62
Jan 16, 2025 3:42:41 AM TicketPool removeTicket
INFO: TICKET REMOVED :- Ticket [ticketID=19, ticketName=generic ticket, ticketPrice=1000, ticketQuantity=1]. Available number of tickets :- 61
Jan 16, 2025 3:42:41 AM TicketPool removeTicket
INFO: TICKET REMOVED :- Ticket [ticketID=20, ticketName=generic ticket, ticketPrice=1000, ticketQuantity=1]. Available number of tickets :- 60
Jan 16, 2025 3:42:41 AM Customer run
INFO: Customer 1 buy a ticket
Jan 16, 2025 3:42:41 AM TicketPool removeTicket
INFO: TICKET REMOVED :- Ticket [ticketID=21, ticketName=generic ticket, ticketPrice=1000, ticketQuantity=1]. Available number of tickets :- 59
Jan 16, 2025 3:42:41 AM TicketPool removeTicket
INFO: TICKET REMOVED :- Ticket [ticketID=22, ticketName=generic ticket, ticketPrice=1000, ticketQuantity=1]. Available number of tickets :- 58
Jan 16, 2025 3:42:41 AM TicketPool removeTicket
INFO: TICKET REMOVED :- Ticket [ticketID=23, ticketName=generic ticket, ticketPrice=1000, ticketQuantity=1]. Available number of tickets :- 57
Jan 16, 2025 3:42:41 AM TicketPool removeTicket
INFO: TICKET REMOVED :- Ticket [ticketID=24, ticketName=generic ticket, ticketPrice=1000, ticketQuantity=1]. Available number of tickets :- 56
Jan 16, 2025 3:42:41 AM TicketPool removeTicket
INFO: TICKET REMOVED :- Ticket [ticketID=25, ticketName=generic ticket, ticketPrice=1000, ticketQuantity=1]. Available number of tickets :- 55
Jan 16, 2025 3:42:41 AM Customer run
INFO: Customer 2 buy a ticket
Jan 16, 2025 3:42:41 AM TicketPool removeTicket
INFO: TICKET REMOVED :- Ticket [ticketID=26, ticketName=generic ticket, ticketPrice=1000, ticketQuantity=1]. Available number of tickets :- 54
Jan 16, 2025 3:42:41 AM TicketPool removeTicket
INFO: TICKET REMOVED :- Ticket [ticketID=27, ticketName=generic ticket, ticketPrice=1000, ticketQuantity=1]. Available number of tickets :- 53
Jan 16, 2025 3:42:41 AM TicketPool removeTicket
INFO: TICKET REMOVED :- Ticket [ticketID=28, ticketName=generic ticket, ticketPrice=1000, ticketQuantity=1]. Available number of tickets :- 52
Jan 16, 2025 3:42:41 AM TicketPool removeTicket
INFO: TICKET REMOVED :- Ticket [ticketID=29, ticketName=generic ticket, ticketPrice=1000, ticketQuantity=1]. Available number of tickets :- 51
Jan 16, 2025 3:42:41 AM TicketPool removeTicket
INFO: TICKET REMOVED :- Ticket [ticketID=30, ticketName=generic ticket, ticketPrice=1000, ticketQuantity=1]. Available number of tickets :- 50
Jan 16, 2025 3:42:41 AM Customer run
INFO: Customer 3 buy a ticket
Jan 16, 2025 3:42:42 AM TicketPool addTickets
INFO: ADDED TICKETS :-  3 TICKETS. NOW POOL SIZE :- 53
Jan 16, 2025 3:42:42 AM Vendor run
INFO: Vendor 3 added 3 tickets.
Jan 16, 2025 3:42:42 AM TicketPool addTickets
INFO: ADDED TICKETS :-  3 TICKETS. NOW POOL SIZE :- 56
Jan 16, 2025 3:42:42 AM Vendor run
INFO: Vendor 1 added 3 tickets.
Jan 16, 2025 3:42:42 AM TicketPool addTickets
INFO: ADDED TICKETS :-  3 TICKETS. NOW POOL SIZE :- 59
Jan 16, 2025 3:42:42 AM Vendor run
INFO: Vendor 5 added 3 tickets.
Jan 16, 2025 3:42:42 AM TicketPool addTickets
INFO: ADDED TICKETS :-  3 TICKETS. NOW POOL SIZE :- 62
Jan 16, 2025 3:42:42 AM Vendor run
INFO: Vendor 4 added 3 tickets.
Jan 16, 2025 3:42:42 AM TicketPool addTickets
INFO: ADDED TICKETS :-  3 TICKETS. NOW POOL SIZE :- 65
Jan 16, 2025 3:42:42 AM Vendor run
INFO: Vendor 2 added 3 tickets.
Jan 16, 2025 3:42:42 AM TicketPool removeTicket
INFO: TICKET REMOVED :- Ticket [ticketID=31, ticketName=generic ticket, ticketPrice=1000, ticketQuantity=1]. Available number of tickets :- 64
Jan 16, 2025 3:42:42 AM TicketPool removeTicket
INFO: TICKET REMOVED :- Ticket [ticketID=32, ticketName=generic ticket, ticketPrice=1000, ticketQuantity=1]. Available number of tickets :- 63
Jan 16, 2025 3:42:42 AM TicketPool removeTicket
INFO: TICKET REMOVED :- Ticket [ticketID=33, ticketName=generic ticket, ticketPrice=1000, ticketQuantity=1]. Available number of tickets :- 62
Jan 16, 2025 3:42:42 AM TicketPool removeTicket
INFO: TICKET REMOVED :- Ticket [ticketID=34, ticketName=generic ticket, ticketPrice=1000, ticketQuantity=1]. Available number of tickets :- 61
Jan 16, 2025 3:42:42 AM TicketPool removeTicket
INFO: TICKET REMOVED :- Ticket [ticketID=35, ticketName=generic ticket, ticketPrice=1000, ticketQuantity=1]. Available number of tickets :- 60
Jan 16, 2025 3:42:42 AM Customer run
INFO: Customer 1 buy a ticket
Jan 16, 2025 3:42:42 AM TicketPool removeTicket
INFO: TICKET REMOVED :- Ticket [ticketID=36, ticketName=generic ticket, ticketPrice=1000, ticketQuantity=1]. Available number of tickets :- 59
Jan 16, 2025 3:42:42 AM TicketPool removeTicket
INFO: TICKET REMOVED :- Ticket [ticketID=37, ticketName=generic ticket, ticketPrice=1000, ticketQuantity=1]. Available number of tickets :- 58
Jan 16, 2025 3:42:42 AM TicketPool removeTicket
INFO: TICKET REMOVED :- Ticket [ticketID=38, ticketName=generic ticket, ticketPrice=1000, ticketQuantity=1]. Available number of tickets :- 57
Jan 16, 2025 3:42:42 AM TicketPool removeTicket
INFO: TICKET REMOVED :- Ticket [ticketID=39, ticketName=generic ticket, ticketPrice=1000, ticketQuantity=1]. Available number of tickets :- 56
Jan 16, 2025 3:42:42 AM TicketPool removeTicket
INFO: TICKET REMOVED :- Ticket [ticketID=40, ticketName=generic ticket, ticketPrice=1000, ticketQuantity=1]. Available number of tickets :- 55
Jan 16, 2025 3:42:42 AM Customer run
INFO: Customer 3 buy a ticket
Jan 16, 2025 3:42:42 AM TicketPool removeTicket
INFO: TICKET REMOVED :- Ticket [ticketID=41, ticketName=generic ticket, ticketPrice=1000, ticketQuantity=1]. Available number of tickets :- 54
Jan 16, 2025 3:42:42 AM TicketPool removeTicket
INFO: TICKET REMOVED :- Ticket [ticketID=42, ticketName=generic ticket, ticketPrice=1000, ticketQuantity=1]. Available number of tickets :- 53
Jan 16, 2025 3:42:42 AM TicketPool removeTicket
INFO: TICKET REMOVED :- Ticket [ticketID=43, ticketName=generic ticket, ticketPrice=1000, ticketQuantity=1]. Available number of tickets :- 52
Jan 16, 2025 3:42:42 AM TicketPool removeTicket
INFO: TICKET REMOVED :- Ticket [ticketID=44, ticketName=generic ticket, ticketPrice=1000, ticketQuantity=1]. Available number of tickets :- 51
Jan 16, 2025 3:42:42 AM TicketPool removeTicket
INFO: TICKET REMOVED :- Ticket [ticketID=45, ticketName=generic ticket, ticketPrice=1000, ticketQuantity=1]. Available number of tickets :- 50
Jan 16, 2025 3:42:42 AM Customer run
INFO: Customer 2 buy a ticket
Jan 16, 2025 3:42:43 AM TicketPool addTickets
INFO: ADDED TICKETS :-  3 TICKETS. NOW POOL SIZE :- 53
Jan 16, 2025 3:42:43 AM Vendor run
INFO: Vendor 5 added 3 tickets.
Jan 16, 2025 3:42:43 AM TicketPool addTickets
INFO: ADDED TICKETS :-  3 TICKETS. NOW POOL SIZE :- 56
Jan 16, 2025 3:42:43 AM Vendor run
INFO: Vendor 3 added 3 tickets.
Jan 16, 2025 3:42:43 AM TicketPool addTickets
INFO: ADDED TICKETS :-  3 TICKETS. NOW POOL SIZE :- 59
Jan 16, 2025 3:42:43 AM Vendor run
INFO: Vendor 1 added 3 tickets.
Jan 16, 2025 3:42:43 AM TicketPool addTickets
INFO: ADDED TICKETS :-  3 TICKETS. NOW POOL SIZE :- 62
Jan 16, 2025 3:42:43 AM Vendor run
INFO: Vendor 4 added 3 tickets.
Jan 16, 2025 3:42:43 AM TicketPool addTickets
INFO: ADDED TICKETS :-  3 TICKETS. NOW POOL SIZE :- 65
Jan 16, 2025 3:42:43 AM Vendor run
INFO: Vendor 2 added 3 tickets.
Jan 16, 2025 3:42:43 AM TicketPool removeTicket
INFO: TICKET REMOVED :- Ticket [ticketID=46, ticketName=generic ticket, ticketPrice=1000, ticketQuantity=1]. Available number of tickets :- 64
Jan 16, 2025 3:42:43 AM TicketPool removeTicket
INFO: TICKET REMOVED :- Ticket [ticketID=47, ticketName=generic ticket, ticketPrice=1000, ticketQuantity=1]. Available number of tickets :- 63
Jan 16, 2025 3:42:43 AM TicketPool removeTicket
INFO: TICKET REMOVED :- Ticket [ticketID=48, ticketName=generic ticket, ticketPrice=1000, ticketQuantity=1]. Available number of tickets :- 62
Jan 16, 2025 3:42:43 AM TicketPool removeTicket
INFO: TICKET REMOVED :- Ticket [ticketID=49, ticketName=generic ticket, ticketPrice=1000, ticketQuantity=1]. Available number of tickets :- 61
Jan 16, 2025 3:42:43 AM TicketPool removeTicket
INFO: TICKET REMOVED :- Ticket [ticketID=50, ticketName=generic ticket, ticketPrice=1000, ticketQuantity=1]. Available number of tickets :- 60
Jan 16, 2025 3:42:43 AM Customer run
INFO: Customer 2 buy a ticket
Jan 16, 2025 3:42:43 AM TicketPool removeTicket
INFO: TICKET REMOVED :- Ticket [ticketID=51, ticketName=super ticket, ticketPrice=1000, ticketQuantity=1]. Available number of tickets :- 59
Jan 16, 2025 3:42:43 AM TicketPool removeTicket
INFO: TICKET REMOVED :- Ticket [ticketID=52, ticketName=super ticket, ticketPrice=1000, ticketQuantity=1]. Available number of tickets :- 58
Jan 16, 2025 3:42:43 AM TicketPool removeTicket
INFO: TICKET REMOVED :- Ticket [ticketID=53, ticketName=super ticket, ticketPrice=1000, ticketQuantity=1]. Available number of tickets :- 57
Jan 16, 2025 3:42:43 AM TicketPool removeTicket
INFO: TICKET REMOVED :- Ticket [ticketID=54, ticketName=super ticket, ticketPrice=1000, ticketQuantity=1]. Available number of tickets :- 56
Jan 16, 2025 3:42:43 AM TicketPool removeTicket
INFO: TICKET REMOVED :- Ticket [ticketID=55, ticketName=super ticket, ticketPrice=1000, ticketQuantity=1]. Available number of tickets :- 55
Jan 16, 2025 3:42:43 AM Customer run
INFO: Customer 1 buy a ticket
Jan 16, 2025 3:42:43 AM TicketPool removeTicket
INFO: TICKET REMOVED :- Ticket [ticketID=56, ticketName=super ticket, ticketPrice=1000, ticketQuantity=1]. Available number of tickets :- 54
Jan 16, 2025 3:42:43 AM TicketPool removeTicket
INFO: TICKET REMOVED :- Ticket [ticketID=57, ticketName=super ticket, ticketPrice=1000, ticketQuantity=1]. Available number of tickets :- 53
Jan 16, 2025 3:42:43 AM TicketPool removeTicket
INFO: TICKET REMOVED :- Ticket [ticketID=58, ticketName=super ticket, ticketPrice=1000, ticketQuantity=1]. Available number of tickets :- 52
Jan 16, 2025 3:42:43 AM TicketPool removeTicket
INFO: TICKET REMOVED :- Ticket [ticketID=59, ticketName=super ticket, ticketPrice=1000, ticketQuantity=1]. Available number of tickets :- 51
Jan 16, 2025 3:42:43 AM TicketPool removeTicket
INFO: TICKET REMOVED :- Ticket [ticketID=60, ticketName=super ticket, ticketPrice=1000, ticketQuantity=1]. Available number of tickets :- 50
Jan 16, 2025 3:42:43 AM Customer run
INFO: Customer 3 buy a ticket
Jan 16, 2025 3:42:44 AM TicketPool addTickets
INFO: ADDED TICKETS :-  3 TICKETS. NOW POOL SIZE :- 53
Jan 16, 2025 3:42:44 AM TicketPool addTickets
INFO: ADDED TICKETS :-  3 TICKETS. NOW POOL SIZE :- 56
Jan 16, 2025 3:42:44 AM Vendor run
INFO: Vendor 4 added 3 tickets.
Jan 16, 2025 3:42:44 AM Vendor run
INFO: Vendor 2 added 3 tickets.
Jan 16, 2025 3:42:44 AM TicketPool addTickets
INFO: ADDED TICKETS :-  3 TICKETS. NOW POOL SIZE :- 59
Jan 16, 2025 3:42:44 AM Vendor run
INFO: Vendor 5 added 3 tickets.
Jan 16, 2025 3:42:44 AM TicketPool addTickets
INFO: ADDED TICKETS :-  3 TICKETS. NOW POOL SIZE :- 62
Jan 16, 2025 3:42:44 AM Vendor run
INFO: Vendor 3 added 3 tickets.
Jan 16, 2025 3:42:44 AM TicketPool addTickets
INFO: ADDED TICKETS :-  3 TICKETS. NOW POOL SIZE :- 65
Jan 16, 2025 3:42:44 AM Vendor run
INFO: Vendor 1 added 3 tickets.
Jan 16, 2025 3:42:44 AM TicketPool removeTicket
INFO: TICKET REMOVED :- Ticket [ticketID=61, ticketName=super ticket, ticketPrice=1000, ticketQuantity=1]. Available number of tickets :- 64
Jan 16, 2025 3:42:44 AM TicketPool removeTicket
INFO: TICKET REMOVED :- Ticket [ticketID=62, ticketName=super ticket, ticketPrice=1000, ticketQuantity=1]. Available number of tickets :- 63
Jan 16, 2025 3:42:44 AM TicketPool removeTicket
INFO: TICKET REMOVED :- Ticket [ticketID=63, ticketName=super ticket, ticketPrice=1000, ticketQuantity=1]. Available number of tickets :- 62
Jan 16, 2025 3:42:44 AM TicketPool removeTicket
INFO: TICKET REMOVED :- Ticket [ticketID=64, ticketName=super ticket, ticketPrice=1000, ticketQuantity=1]. Available number of tickets :- 61
Jan 16, 2025 3:42:44 AM TicketPool removeTicket
INFO: TICKET REMOVED :- Ticket [ticketID=65, ticketName=super ticket, ticketPrice=1000, ticketQuantity=1]. Available number of tickets :- 60
Jan 16, 2025 3:42:44 AM Customer run
INFO: Customer 2 buy a ticket
Jan 16, 2025 3:42:44 AM TicketPool removeTicket
INFO: TICKET REMOVED :- Ticket [ticketID=66, ticketName=super ticket, ticketPrice=1000, ticketQuantity=1]. Available number of tickets :- 59
Jan 16, 2025 3:42:44 AM TicketPool removeTicket
INFO: TICKET REMOVED :- Ticket [ticketID=67, ticketName=super ticket, ticketPrice=1000, ticketQuantity=1]. Available number of tickets :- 58
Jan 16, 2025 3:42:44 AM TicketPool removeTicket
INFO: TICKET REMOVED :- Ticket [ticketID=68, ticketName=super ticket, ticketPrice=1000, ticketQuantity=1]. Available number of tickets :- 57
Jan 16, 2025 3:42:44 AM TicketPool removeTicket
INFO: TICKET REMOVED :- Ticket [ticketID=69, ticketName=super ticket, ticketPrice=1000, ticketQuantity=1]. Available number of tickets :- 56
Jan 16, 2025 3:42:44 AM TicketPool removeTicket
INFO: TICKET REMOVED :- Ticket [ticketID=70, ticketName=super ticket, ticketPrice=1000, ticketQuantity=1]. Available number of tickets :- 55
Jan 16, 2025 3:42:44 AM Customer run
INFO: Customer 3 buy a ticket
Jan 16, 2025 3:42:44 AM TicketPool removeTicket
INFO: TICKET REMOVED :- Ticket [ticketID=71, ticketName=super ticket, ticketPrice=1000, ticketQuantity=1]. Available number of tickets :- 54
Jan 16, 2025 3:42:44 AM TicketPool removeTicket
INFO: TICKET REMOVED :- Ticket [ticketID=72, ticketName=super ticket, ticketPrice=1000, ticketQuantity=1]. Available number of tickets :- 53
Jan 16, 2025 3:42:44 AM TicketPool removeTicket
INFO: TICKET REMOVED :- Ticket [ticketID=73, ticketName=super ticket, ticketPrice=1000, ticketQuantity=1]. Available number of tickets :- 52
Jan 16, 2025 3:42:44 AM TicketPool removeTicket
INFO: TICKET REMOVED :- Ticket [ticketID=74, ticketName=super ticket, ticketPrice=1000, ticketQuantity=1]. Available number of tickets :- 51
Jan 16, 2025 3:42:44 AM TicketPool removeTicket
INFO: TICKET REMOVED :- Ticket [ticketID=75, ticketName=super ticket, ticketPrice=1000, ticketQuantity=1]. Available number of tickets :- 50
Jan 16, 2025 3:42:44 AM Customer run
INFO: Customer 1 buy a ticket
Jan 16, 2025 3:42:45 AM TicketPool addTickets
INFO: ADDED TICKETS :-  3 TICKETS. NOW POOL SIZE :- 53
Jan 16, 2025 3:42:45 AM Vendor run
INFO: Vendor 2 added 3 tickets.
Jan 16, 2025 3:42:45 AM TicketPool addTickets
INFO: ADDED TICKETS :-  3 TICKETS. NOW POOL SIZE :- 56
Jan 16, 2025 3:42:45 AM Vendor run
INFO: Vendor 4 added 3 tickets.
Jan 16, 2025 3:42:45 AM TicketPool addTickets
INFO: ADDED TICKETS :-  3 TICKETS. NOW POOL SIZE :- 59
Jan 16, 2025 3:42:45 AM Vendor run
INFO: Vendor 1 added 3 tickets.
Jan 16, 2025 3:42:45 AM TicketPool addTickets
INFO: ADDED TICKETS :-  3 TICKETS. NOW POOL SIZE :- 62
Jan 16, 2025 3:42:45 AM Vendor run
INFO: Vendor 5 added 3 tickets.
Jan 16, 2025 3:42:45 AM TicketPool addTickets
INFO: ADDED TICKETS :-  3 TICKETS. NOW POOL SIZE :- 65
Jan 16, 2025 3:42:45 AM Vendor run
INFO: Vendor 3 added 3 tickets.
Jan 16, 2025 3:42:45 AM TicketPool removeTicket
INFO: TICKET REMOVED :- Ticket [ticketID=76, ticketName=super ticket, ticketPrice=1000, ticketQuantity=1]. Available number of tickets :- 64
Jan 16, 2025 3:42:45 AM TicketPool removeTicket
INFO: TICKET REMOVED :- Ticket [ticketID=77, ticketName=super ticket, ticketPrice=1000, ticketQuantity=1]. Available number of tickets :- 63
Jan 16, 2025 3:42:45 AM TicketPool removeTicket
INFO: TICKET REMOVED :- Ticket [ticketID=78, ticketName=super ticket, ticketPrice=1000, ticketQuantity=1]. Available number of tickets :- 62
Jan 16, 2025 3:42:45 AM TicketPool removeTicket
INFO: TICKET REMOVED :- Ticket [ticketID=79, ticketName=super ticket, ticketPrice=1000, ticketQuantity=1]. Available number of tickets :- 61
Jan 16, 2025 3:42:45 AM TicketPool removeTicket
INFO: TICKET REMOVED :- Ticket [ticketID=80, ticketName=super ticket, ticketPrice=1000, ticketQuantity=1]. Available number of tickets :- 60
Jan 16, 2025 3:42:45 AM Customer run
INFO: Customer 2 buy a ticket
Jan 16, 2025 3:42:45 AM TicketPool removeTicket
INFO: TICKET REMOVED :- Ticket [ticketID=81, ticketName=super ticket, ticketPrice=1000, ticketQuantity=1]. Available number of tickets :- 59
Jan 16, 2025 3:42:45 AM TicketPool removeTicket
INFO: TICKET REMOVED :- Ticket [ticketID=82, ticketName=super ticket, ticketPrice=1000, ticketQuantity=1]. Available number of tickets :- 58
Jan 16, 2025 3:42:45 AM TicketPool removeTicket
INFO: TICKET REMOVED :- Ticket [ticketID=83, ticketName=super ticket, ticketPrice=1000, ticketQuantity=1]. Available number of tickets :- 57
Jan 16, 2025 3:42:45 AM TicketPool removeTicket
INFO: TICKET REMOVED :- Ticket [ticketID=84, ticketName=super ticket, ticketPrice=1000, ticketQuantity=1]. Available number of tickets :- 56
Jan 16, 2025 3:42:45 AM TicketPool removeTicket
INFO: TICKET REMOVED :- Ticket [ticketID=85, ticketName=super ticket, ticketPrice=1000, ticketQuantity=1]. Available number of tickets :- 55
Jan 16, 2025 3:42:45 AM Customer run
INFO: Customer 1 buy a ticket
Jan 16, 2025 3:42:45 AM TicketPool removeTicket
INFO: TICKET REMOVED :- Ticket [ticketID=86, ticketName=super ticket, ticketPrice=1000, ticketQuantity=1]. Available number of tickets :- 54
Jan 16, 2025 3:42:45 AM TicketPool removeTicket
INFO: TICKET REMOVED :- Ticket [ticketID=87, ticketName=super ticket, ticketPrice=1000, ticketQuantity=1]. Available number of tickets :- 53
Jan 16, 2025 3:42:45 AM TicketPool removeTicket
INFO: TICKET REMOVED :- Ticket [ticketID=88, ticketName=super ticket, ticketPrice=1000, ticketQuantity=1]. Available number of tickets :- 52
Jan 16, 2025 3:42:45 AM TicketPool removeTicket
INFO: TICKET REMOVED :- Ticket [ticketID=89, ticketName=super ticket, ticketPrice=1000, ticketQuantity=1]. Available number of tickets :- 51
Jan 16, 2025 3:42:45 AM TicketPool removeTicket
INFO: TICKET REMOVED :- Ticket [ticketID=90, ticketName=super ticket, ticketPrice=1000, ticketQuantity=1]. Available number of tickets :- 50
Jan 16, 2025 3:42:45 AM Customer run
INFO: Customer 3 buy a ticket
Jan 16, 2025 3:42:46 AM TicketPool addTickets
INFO: ADDED TICKETS :-  3 TICKETS. NOW POOL SIZE :- 53
Jan 16, 2025 3:42:46 AM Vendor run
INFO: Vendor 2 added 3 tickets.
Jan 16, 2025 3:42:46 AM TicketPool addTickets
INFO: ADDED TICKETS :-  3 TICKETS. NOW POOL SIZE :- 56
Jan 16, 2025 3:42:46 AM Vendor run
INFO: Vendor 4 added 3 tickets.
Jan 16, 2025 3:42:46 AM TicketPool addTickets
INFO: ADDED TICKETS :-  3 TICKETS. NOW POOL SIZE :- 59
Jan 16, 2025 3:42:46 AM Vendor run
INFO: Vendor 1 added 3 tickets.
Jan 16, 2025 3:42:46 AM TicketPool addTickets
INFO: ADDED TICKETS :-  3 TICKETS. NOW POOL SIZE :- 62
Jan 16, 2025 3:42:46 AM Vendor run
INFO: Vendor 3 added 3 tickets.
Jan 16, 2025 3:42:46 AM TicketPool addTickets
INFO: ADDED TICKETS :-  3 TICKETS. NOW POOL SIZE :- 65
Jan 16, 2025 3:42:46 AM Vendor run
INFO: Vendor 5 added 3 tickets.
Jan 16, 2025 3:42:46 AM TicketPool removeTicket
INFO: TICKET REMOVED :- Ticket [ticketID=91, ticketName=super ticket, ticketPrice=1000, ticketQuantity=1]. Available number of tickets :- 64
Jan 16, 2025 3:42:46 AM TicketPool removeTicket
INFO: TICKET REMOVED :- Ticket [ticketID=92, ticketName=super ticket, ticketPrice=1000, ticketQuantity=1]. Available number of tickets :- 63
Jan 16, 2025 3:42:46 AM TicketPool removeTicket
INFO: TICKET REMOVED :- Ticket [ticketID=93, ticketName=super ticket, ticketPrice=1000, ticketQuantity=1]. Available number of tickets :- 62
Jan 16, 2025 3:42:46 AM TicketPool removeTicket
INFO: TICKET REMOVED :- Ticket [ticketID=94, ticketName=super ticket, ticketPrice=1000, ticketQuantity=1]. Available number of tickets :- 61
Jan 16, 2025 3:42:46 AM TicketPool removeTicket
INFO: TICKET REMOVED :- Ticket [ticketID=95, ticketName=super ticket, ticketPrice=1000, ticketQuantity=1]. Available number of tickets :- 60
Jan 16, 2025 3:42:46 AM Customer run
INFO: Customer 2 buy a ticket
Jan 16, 2025 3:42:46 AM TicketPool removeTicket
INFO: TICKET REMOVED :- Ticket [ticketID=96, ticketName=super ticket, ticketPrice=1000, ticketQuantity=1]. Available number of tickets :- 59
Jan 16, 2025 3:42:46 AM TicketPool removeTicket
INFO: TICKET REMOVED :- Ticket [ticketID=97, ticketName=super ticket, ticketPrice=1000, ticketQuantity=1]. Available number of tickets :- 58
Jan 16, 2025 3:42:46 AM TicketPool removeTicket
INFO: TICKET REMOVED :- Ticket [ticketID=98, ticketName=super ticket, ticketPrice=1000, ticketQuantity=1]. Available number of tickets :- 57
Jan 16, 2025 3:42:46 AM TicketPool removeTicket
INFO: TICKET REMOVED :- Ticket [ticketID=99, ticketName=super ticket, ticketPrice=1000, ticketQuantity=1]. Available number of tickets :- 56
Jan 16, 2025 3:42:46 AM TicketPool removeTicket
INFO: TICKET REMOVED :- Ticket [ticketID=100, ticketName=super ticket, ticketPrice=1000, ticketQuantity=1]. Available number of tickets :- 55
Jan 16, 2025 3:42:46 AM Customer run
INFO: Customer 3 buy a ticket
Jan 16, 2025 3:42:46 AM TicketPool removeTicket
INFO: TICKET REMOVED :- Ticket [ticketID=101, ticketName=super ticket, ticketPrice=1000, ticketQuantity=1]. Available number of tickets :- 54
Jan 16, 2025 3:42:46 AM TicketPool removeTicket
INFO: TICKET REMOVED :- Ticket [ticketID=102, ticketName=super ticket, ticketPrice=1000, ticketQuantity=1]. Available number of tickets :- 53
Jan 16, 2025 3:42:46 AM TicketPool removeTicket
INFO: TICKET REMOVED :- Ticket [ticketID=103, ticketName=super ticket, ticketPrice=1000, ticketQuantity=1]. Available number of tickets :- 52
Jan 16, 2025 3:42:46 AM TicketPool removeTicket
INFO: TICKET REMOVED :- Ticket [ticketID=104, ticketName=super ticket, ticketPrice=1000, ticketQuantity=1]. Available number of tickets :- 51
Jan 16, 2025 3:42:46 AM TicketPool removeTicket
INFO: TICKET REMOVED :- Ticket [ticketID=105, ticketName=super ticket, ticketPrice=1000, ticketQuantity=1]. Available number of tickets :- 50
Jan 16, 2025 3:42:46 AM Customer run
INFO: Customer 1 buy a ticket
Jan 16, 2025 3:42:47 AM TicketPool addTickets
INFO: ADDED TICKETS :-  3 TICKETS. NOW POOL SIZE :- 53
Jan 16, 2025 3:42:47 AM TicketPool addTickets
INFO: ADDED TICKETS :-  3 TICKETS. NOW POOL SIZE :- 56
Jan 16, 2025 3:42:47 AM Vendor run
INFO: Vendor 2 added 3 tickets.
Jan 16, 2025 3:42:47 AM Vendor run
INFO: Vendor 3 added 3 tickets.
Jan 16, 2025 3:42:47 AM TicketPool addTickets
INFO: ADDED TICKETS :-  3 TICKETS. NOW POOL SIZE :- 59
Jan 16, 2025 3:42:47 AM Vendor run
INFO: Vendor 4 added 3 tickets.
Jan 16, 2025 3:42:47 AM TicketPool addTickets
INFO: ADDED TICKETS :-  3 TICKETS. NOW POOL SIZE :- 62
Jan 16, 2025 3:42:47 AM Vendor run
INFO: Vendor 1 added 3 tickets.
Jan 16, 2025 3:42:47 AM TicketPool addTickets
INFO: ADDED TICKETS :-  3 TICKETS. NOW POOL SIZE :- 65
Jan 16, 2025 3:42:47 AM Vendor run
INFO: Vendor 5 added 3 tickets.
Jan 16, 2025 3:42:47 AM TicketPool removeTicket
INFO: TICKET REMOVED :- Ticket [ticketID=106, ticketName=super ticket, ticketPrice=1000, ticketQuantity=1]. Available number of tickets :- 64
Jan 16, 2025 3:42:47 AM TicketPool removeTicket
INFO: TICKET REMOVED :- Ticket [ticketID=107, ticketName=super ticket, ticketPrice=1000, ticketQuantity=1]. Available number of tickets :- 63
Jan 16, 2025 3:42:47 AM TicketPool removeTicket
INFO: TICKET REMOVED :- Ticket [ticketID=108, ticketName=super ticket, ticketPrice=1000, ticketQuantity=1]. Available number of tickets :- 62
Jan 16, 2025 3:42:47 AM TicketPool removeTicket
INFO: TICKET REMOVED :- Ticket [ticketID=109, ticketName=super ticket, ticketPrice=1000, ticketQuantity=1]. Available number of tickets :- 61
Jan 16, 2025 3:42:47 AM TicketPool removeTicket
INFO: TICKET REMOVED :- Ticket [ticketID=110, ticketName=super ticket, ticketPrice=1000, ticketQuantity=1]. Available number of tickets :- 60
Jan 16, 2025 3:42:47 AM Customer run
INFO: Customer 2 buy a ticket
Jan 16, 2025 3:42:47 AM TicketPool removeTicket
INFO: TICKET REMOVED :- Ticket [ticketID=111, ticketName=super ticket, ticketPrice=1000, ticketQuantity=1]. Available number of tickets :- 59
Jan 16, 2025 3:42:47 AM TicketPool removeTicket
INFO: TICKET REMOVED :- Ticket [ticketID=112, ticketName=super ticket, ticketPrice=1000, ticketQuantity=1]. Available number of tickets :- 58
Jan 16, 2025 3:42:47 AM TicketPool removeTicket
INFO: TICKET REMOVED :- Ticket [ticketID=113, ticketName=super ticket, ticketPrice=1000, ticketQuantity=1]. Available number of tickets :- 57
Jan 16, 2025 3:42:47 AM TicketPool removeTicket
INFO: TICKET REMOVED :- Ticket [ticketID=114, ticketName=super ticket, ticketPrice=1000, ticketQuantity=1]. Available number of tickets :- 56
Jan 16, 2025 3:42:47 AM TicketPool removeTicket
INFO: TICKET REMOVED :- Ticket [ticketID=115, ticketName=super ticket, ticketPrice=1000, ticketQuantity=1]. Available number of tickets :- 55
Jan 16, 2025 3:42:47 AM Customer run
INFO: Customer 3 buy a ticket
Jan 16, 2025 3:42:47 AM TicketPool removeTicket
INFO: TICKET REMOVED :- Ticket [ticketID=116, ticketName=super ticket, ticketPrice=1000, ticketQuantity=1]. Available number of tickets :- 54
Jan 16, 2025 3:42:47 AM TicketPool removeTicket
INFO: TICKET REMOVED :- Ticket [ticketID=117, ticketName=super ticket, ticketPrice=1000, ticketQuantity=1]. Available number of tickets :- 53
Jan 16, 2025 3:42:47 AM TicketPool removeTicket
INFO: TICKET REMOVED :- Ticket [ticketID=118, ticketName=super ticket, ticketPrice=1000, ticketQuantity=1]. Available number of tickets :- 52
Jan 16, 2025 3:42:47 AM TicketPool removeTicket
INFO: TICKET REMOVED :- Ticket [ticketID=119, ticketName=super ticket, ticketPrice=1000, ticketQuantity=1]. Available number of tickets :- 51
Jan 16, 2025 3:42:47 AM TicketPool removeTicket
INFO: TICKET REMOVED :- Ticket [ticketID=120, ticketName=super ticket, ticketPrice=1000, ticketQuantity=1]. Available number of tickets :- 50
Jan 16, 2025 3:42:47 AM Customer run
INFO: Customer 1 buy a ticket
Jan 16, 2025 3:42:48 AM TicketPool addTickets
INFO: ADDED TICKETS :-  3 TICKETS. NOW POOL SIZE :- 53
Jan 16, 2025 3:42:48 AM Vendor run
INFO: Vendor 1 added 3 tickets.
Jan 16, 2025 3:42:48 AM TicketPool addTickets
INFO: ADDED TICKETS :-  3 TICKETS. NOW POOL SIZE :- 56
Jan 16, 2025 3:42:48 AM Vendor run
INFO: Vendor 3 added 3 tickets.
Jan 16, 2025 3:42:48 AM TicketPool addTickets
INFO: ADDED TICKETS :-  3 TICKETS. NOW POOL SIZE :- 59
Jan 16, 2025 3:42:48 AM Vendor run
INFO: Vendor 2 added 3 tickets.
Jan 16, 2025 3:42:48 AM TicketPool addTickets
INFO: ADDED TICKETS :-  3 TICKETS. NOW POOL SIZE :- 62
Jan 16, 2025 3:42:48 AM Vendor run
INFO: Vendor 4 added 3 tickets.
Jan 16, 2025 3:42:48 AM TicketPool addTickets
INFO: ADDED TICKETS :-  3 TICKETS. NOW POOL SIZE :- 65
Jan 16, 2025 3:42:48 AM Vendor run
INFO: Vendor 5 added 3 tickets.
Jan 16, 2025 3:42:48 AM TicketPool removeTicket
INFO: TICKET REMOVED :- Ticket [ticketID=121, ticketName=super ticket, ticketPrice=1000, ticketQuantity=1]. Available number of tickets :- 64
Jan 16, 2025 3:42:48 AM TicketPool removeTicket
INFO: TICKET REMOVED :- Ticket [ticketID=122, ticketName=super ticket, ticketPrice=1000, ticketQuantity=1]. Available number of tickets :- 63
Jan 16, 2025 3:42:48 AM TicketPool removeTicket
INFO: TICKET REMOVED :- Ticket [ticketID=123, ticketName=super ticket, ticketPrice=1000, ticketQuantity=1]. Available number of tickets :- 62
Jan 16, 2025 3:42:48 AM TicketPool removeTicket
INFO: TICKET REMOVED :- Ticket [ticketID=124, ticketName=super ticket, ticketPrice=1000, ticketQuantity=1]. Available number of tickets :- 61
Jan 16, 2025 3:42:48 AM TicketPool removeTicket
INFO: TICKET REMOVED :- Ticket [ticketID=125, ticketName=super ticket, ticketPrice=1000, ticketQuantity=1]. Available number of tickets :- 60
Jan 16, 2025 3:42:48 AM Customer run
INFO: Customer 3 buy a ticket
Jan 16, 2025 3:42:48 AM TicketPool removeTicket
INFO: TICKET REMOVED :- Ticket [ticketID=126, ticketName=super ticket, ticketPrice=1000, ticketQuantity=1]. Available number of tickets :- 59
Jan 16, 2025 3:42:48 AM TicketPool removeTicket
INFO: TICKET REMOVED :- Ticket [ticketID=127, ticketName=super ticket, ticketPrice=1000, ticketQuantity=1]. Available number of tickets :- 58
Jan 16, 2025 3:42:48 AM TicketPool removeTicket
INFO: TICKET REMOVED :- Ticket [ticketID=128, ticketName=super ticket, ticketPrice=1000, ticketQuantity=1]. Available number of tickets :- 57
Jan 16, 2025 3:42:48 AM TicketPool removeTicket
INFO: TICKET REMOVED :- Ticket [ticketID=129, ticketName=super ticket, ticketPrice=1000, ticketQuantity=1]. Available number of tickets :- 56
Jan 16, 2025 3:42:48 AM TicketPool removeTicket
INFO: TICKET REMOVED :- Ticket [ticketID=130, ticketName=super ticket, ticketPrice=1000, ticketQuantity=1]. Available number of tickets :- 55
Jan 16, 2025 3:42:48 AM Customer run
INFO: Customer 2 buy a ticket
Jan 16, 2025 3:42:48 AM TicketPool removeTicket
INFO: TICKET REMOVED :- Ticket [ticketID=131, ticketName=super ticket, ticketPrice=1000, ticketQuantity=1]. Available number of tickets :- 54
Jan 16, 2025 3:42:48 AM TicketPool removeTicket
INFO: TICKET REMOVED :- Ticket [ticketID=132, ticketName=super ticket, ticketPrice=1000, ticketQuantity=1]. Available number of tickets :- 53
Jan 16, 2025 3:42:48 AM TicketPool removeTicket
INFO: TICKET REMOVED :- Ticket [ticketID=133, ticketName=super ticket, ticketPrice=1000, ticketQuantity=1]. Available number of tickets :- 52
Jan 16, 2025 3:42:48 AM TicketPool removeTicket
INFO: TICKET REMOVED :- Ticket [ticketID=134, ticketName=super ticket, ticketPrice=1000, ticketQuantity=1]. Available number of tickets :- 51
Jan 16, 2025 3:42:48 AM TicketPool removeTicket
INFO: TICKET REMOVED :- Ticket [ticketID=135, ticketName=super ticket, ticketPrice=1000, ticketQuantity=1]. Available number of tickets :- 50
Jan 16, 2025 3:42:48 AM Customer run
INFO: Customer 1 buy a ticket
Jan 16, 2025 3:42:49 AM TicketPool addTickets
INFO: ADDED TICKETS :-  3 TICKETS. NOW POOL SIZE :- 53
Jan 16, 2025 3:42:49 AM TicketPool addTickets
INFO: ADDED TICKETS :-  3 TICKETS. NOW POOL SIZE :- 56
Jan 16, 2025 3:42:49 AM Vendor run
INFO: Vendor 1 added 3 tickets.
Jan 16, 2025 3:42:49 AM TicketPool addTickets
INFO: ADDED TICKETS :-  3 TICKETS. NOW POOL SIZE :- 59
Jan 16, 2025 3:42:49 AM Vendor run
INFO: Vendor 2 added 3 tickets.
Jan 16, 2025 3:42:49 AM Vendor run
INFO: Vendor 4 added 3 tickets.
Jan 16, 2025 3:42:49 AM TicketPool addTickets
INFO: ADDED TICKETS :-  3 TICKETS. NOW POOL SIZE :- 62
Jan 16, 2025 3:42:49 AM Vendor run
INFO: Vendor 3 added 3 tickets.
Jan 16, 2025 3:42:49 AM TicketPool addTickets
INFO: ADDED TICKETS :-  3 TICKETS. NOW POOL SIZE :- 65
Jan 16, 2025 3:42:49 AM Vendor run
INFO: Vendor 5 added 3 tickets.
Jan 16, 2025 3:42:49 AM TicketPool removeTicket
INFO: TICKET REMOVED :- Ticket [ticketID=136, ticketName=super ticket, ticketPrice=1000, ticketQuantity=1]. Available number of tickets :- 64
Jan 16, 2025 3:42:49 AM TicketPool removeTicket
INFO: TICKET REMOVED :- Ticket [ticketID=137, ticketName=super ticket, ticketPrice=1000, ticketQuantity=1]. Available number of tickets :- 63
Jan 16, 2025 3:42:49 AM TicketPool removeTicket
INFO: TICKET REMOVED :- Ticket [ticketID=138, ticketName=super ticket, ticketPrice=1000, ticketQuantity=1]. Available number of tickets :- 62
Jan 16, 2025 3:42:49 AM TicketPool removeTicket
INFO: TICKET REMOVED :- Ticket [ticketID=139, ticketName=super ticket, ticketPrice=1000, ticketQuantity=1]. Available number of tickets :- 61
Jan 16, 2025 3:42:49 AM TicketPool removeTicket
INFO: TICKET REMOVED :- Ticket [ticketID=140, ticketName=super ticket, ticketPrice=1000, ticketQuantity=1]. Available number of tickets :- 60
Jan 16, 2025 3:42:49 AM Customer run
INFO: Customer 2 buy a ticket
Jan 16, 2025 3:42:49 AM TicketPool removeTicket
INFO: TICKET REMOVED :- Ticket [ticketID=141, ticketName=super ticket, ticketPrice=1000, ticketQuantity=1]. Available number of tickets :- 59
Jan 16, 2025 3:42:49 AM TicketPool removeTicket
INFO: TICKET REMOVED :- Ticket [ticketID=142, ticketName=super ticket, ticketPrice=1000, ticketQuantity=1]. Available number of tickets :- 58
Jan 16, 2025 3:42:49 AM TicketPool removeTicket
INFO: TICKET REMOVED :- Ticket [ticketID=143, ticketName=super ticket, ticketPrice=1000, ticketQuantity=1]. Available number of tickets :- 57
Jan 16, 2025 3:42:49 AM TicketPool removeTicket
INFO: TICKET REMOVED :- Ticket [ticketID=144, ticketName=super ticket, ticketPrice=1000, ticketQuantity=1]. Available number of tickets :- 56
Jan 16, 2025 3:42:49 AM TicketPool removeTicket
INFO: TICKET REMOVED :- Ticket [ticketID=145, ticketName=super ticket, ticketPrice=1000, ticketQuantity=1]. Available number of tickets :- 55
Jan 16, 2025 3:42:49 AM Customer run
INFO: Customer 3 buy a ticket
Jan 16, 2025 3:42:49 AM TicketPool removeTicket
INFO: TICKET REMOVED :- Ticket [ticketID=146, ticketName=super ticket, ticketPrice=1000, ticketQuantity=1]. Available number of tickets :- 54
Jan 16, 2025 3:42:49 AM TicketPool removeTicket
INFO: TICKET REMOVED :- Ticket [ticketID=147, ticketName=super ticket, ticketPrice=1000, ticketQuantity=1]. Available number of tickets :- 53
Jan 16, 2025 3:42:49 AM TicketPool removeTicket
INFO: TICKET REMOVED :- Ticket [ticketID=148, ticketName=super ticket, ticketPrice=1000, ticketQuantity=1]. Available number of tickets :- 52
Jan 16, 2025 3:42:49 AM TicketPool removeTicket
INFO: TICKET REMOVED :- Ticket [ticketID=149, ticketName=super ticket, ticketPrice=1000, ticketQuantity=1]. Available number of tickets :- 51
Jan 16, 2025 3:42:49 AM TicketPool removeTicket
INFO: TICKET REMOVED :- Ticket [ticketID=150, ticketName=super ticket, ticketPrice=1000, ticketQuantity=1]. Available number of tickets :- 50
Jan 16, 2025 3:42:49 AM Customer run
INFO: Customer 1 buy a ticket
Jan 16, 2025 3:42:50 AM TicketPool addTickets
INFO: ADDED TICKETS :-  3 TICKETS. NOW POOL SIZE :- 53
Jan 16, 2025 3:42:50 AM Vendor run
INFO: Vendor 1 added 3 tickets.
Jan 16, 2025 3:42:50 AM TicketPool addTickets
INFO: ADDED TICKETS :-  3 TICKETS. NOW POOL SIZE :- 56
Jan 16, 2025 3:42:50 AM Vendor run
INFO: Vendor 3 added 3 tickets.
Jan 16, 2025 3:42:50 AM TicketPool addTickets
INFO: ADDED TICKETS :-  3 TICKETS. NOW POOL SIZE :- 59
Jan 16, 2025 3:42:50 AM Vendor run
INFO: Vendor 4 added 3 tickets.
Jan 16, 2025 3:42:50 AM TicketPool addTickets
INFO: ADDED TICKETS :-  3 TICKETS. NOW POOL SIZE :- 62
Jan 16, 2025 3:42:50 AM Vendor run
INFO: Vendor 2 added 3 tickets.
Jan 16, 2025 3:42:50 AM TicketPool addTickets
INFO: ADDED TICKETS :-  3 TICKETS. NOW POOL SIZE :- 65
Jan 16, 2025 3:42:50 AM Vendor run
INFO: Vendor 5 added 3 tickets.
Jan 16, 2025 3:42:50 AM TicketPool removeTicket
INFO: TICKET REMOVED :- Ticket [ticketID=151, ticketName=super ticket, ticketPrice=1000, ticketQuantity=1]. Available number of tickets :- 64
Jan 16, 2025 3:42:50 AM TicketPool removeTicket
INFO: TICKET REMOVED :- Ticket [ticketID=152, ticketName=super ticket, ticketPrice=1000, ticketQuantity=1]. Available number of tickets :- 63
Jan 16, 2025 3:42:50 AM TicketPool removeTicket
INFO: TICKET REMOVED :- Ticket [ticketID=153, ticketName=super ticket, ticketPrice=1000, ticketQuantity=1]. Available number of tickets :- 62
Jan 16, 2025 3:42:50 AM TicketPool removeTicket
INFO: TICKET REMOVED :- Ticket [ticketID=154, ticketName=super ticket, ticketPrice=1000, ticketQuantity=1]. Available number of tickets :- 61
Jan 16, 2025 3:42:50 AM TicketPool removeTicket
INFO: TICKET REMOVED :- Ticket [ticketID=155, ticketName=super ticket, ticketPrice=1000, ticketQuantity=1]. Available number of tickets :- 60
Jan 16, 2025 3:42:50 AM TicketPool removeTicket
INFO: TICKET REMOVED :- Ticket [ticketID=156, ticketName=super ticket, ticketPrice=1000, ticketQuantity=1]. Available number of tickets :- 59
Jan 16, 2025 3:42:50 AM Customer run
INFO: Customer 3 buy a ticket
Jan 16, 2025 3:42:50 AM TicketPool removeTicket
INFO: TICKET REMOVED :- Ticket [ticketID=157, ticketName=super ticket, ticketPrice=1000, ticketQuantity=1]. Available number of tickets :- 58
Jan 16, 2025 3:42:50 AM TicketPool removeTicket
INFO: TICKET REMOVED :- Ticket [ticketID=158, ticketName=super ticket, ticketPrice=1000, ticketQuantity=1]. Available number of tickets :- 57
Jan 16, 2025 3:42:50 AM TicketPool removeTicket
INFO: TICKET REMOVED :- Ticket [ticketID=159, ticketName=super ticket, ticketPrice=1000, ticketQuantity=1]. Available number of tickets :- 56
Jan 16, 2025 3:42:50 AM TicketPool removeTicket
INFO: TICKET REMOVED :- Ticket [ticketID=160, ticketName=super ticket, ticketPrice=1000, ticketQuantity=1]. Available number of tickets :- 55
Jan 16, 2025 3:42:50 AM Customer run
INFO: Customer 1 buy a ticket
Jan 16, 2025 3:42:50 AM TicketPool removeTicket
INFO: TICKET REMOVED :- Ticket [ticketID=161, ticketName=super ticket, ticketPrice=1000, ticketQuantity=1]. Available number of tickets :- 54
Jan 16, 2025 3:42:50 AM TicketPool removeTicket
INFO: TICKET REMOVED :- Ticket [ticketID=162, ticketName=super ticket, ticketPrice=1000, ticketQuantity=1]. Available number of tickets :- 53
Jan 16, 2025 3:42:50 AM TicketPool removeTicket
INFO: TICKET REMOVED :- Ticket [ticketID=163, ticketName=super ticket, ticketPrice=1000, ticketQuantity=1]. Available number of tickets :- 52
Jan 16, 2025 3:42:50 AM TicketPool removeTicket
INFO: TICKET REMOVED :- Ticket [ticketID=164, ticketName=super ticket, ticketPrice=1000, ticketQuantity=1]. Available number of tickets :- 51
Jan 16, 2025 3:42:50 AM TicketPool removeTicket
INFO: TICKET REMOVED :- Ticket [ticketID=165, ticketName=super ticket, ticketPrice=1000, ticketQuantity=1]. Available number of tickets :- 50
Jan 16, 2025 3:42:50 AM Customer run
INFO: Customer 2 buy a ticket
Jan 16, 2025 3:42:51 AM TicketPool addTickets
INFO: ADDED TICKETS :-  3 TICKETS. NOW POOL SIZE :- 53
Jan 16, 2025 3:42:51 AM Vendor run
INFO: Vendor 1 added 3 tickets.
Jan 16, 2025 3:42:51 AM TicketPool addTickets
INFO: ADDED TICKETS :-  3 TICKETS. NOW POOL SIZE :- 56
Jan 16, 2025 3:42:51 AM Vendor run
INFO: Vendor 2 added 3 tickets.
Jan 16, 2025 3:42:51 AM TicketPool addTickets
INFO: ADDED TICKETS :-  3 TICKETS. NOW POOL SIZE :- 59
Jan 16, 2025 3:42:51 AM Vendor run
INFO: Vendor 4 added 3 tickets.
Jan 16, 2025 3:42:51 AM TicketPool addTickets
INFO: ADDED TICKETS :-  3 TICKETS. NOW POOL SIZE :- 62
Jan 16, 2025 3:42:51 AM Vendor run
INFO: Vendor 3 added 3 tickets.
Jan 16, 2025 3:42:51 AM TicketPool addTickets
INFO: ADDED TICKETS :-  3 TICKETS. NOW POOL SIZE :- 65
Jan 16, 2025 3:42:51 AM Vendor run
INFO: Vendor 5 added 3 tickets.
Jan 16, 2025 3:42:51 AM TicketPool removeTicket
INFO: TICKET REMOVED :- Ticket [ticketID=166, ticketName=super ticket, ticketPrice=1000, ticketQuantity=1]. Available number of tickets :- 64
Jan 16, 2025 3:42:51 AM TicketPool removeTicket
INFO: TICKET REMOVED :- Ticket [ticketID=167, ticketName=super ticket, ticketPrice=1000, ticketQuantity=1]. Available number of tickets :- 63
Jan 16, 2025 3:42:51 AM TicketPool removeTicket
INFO: TICKET REMOVED :- Ticket [ticketID=168, ticketName=super ticket, ticketPrice=1000, ticketQuantity=1]. Available number of tickets :- 62
Jan 16, 2025 3:42:51 AM TicketPool removeTicket
INFO: TICKET REMOVED :- Ticket [ticketID=169, ticketName=super ticket, ticketPrice=1000, ticketQuantity=1]. Available number of tickets :- 61
Jan 16, 2025 3:42:51 AM TicketPool removeTicket
INFO: TICKET REMOVED :- Ticket [ticketID=170, ticketName=super ticket, ticketPrice=1000, ticketQuantity=1]. Available number of tickets :- 60
Jan 16, 2025 3:42:51 AM Customer run
INFO: Customer 3 buy a ticket
Jan 16, 2025 3:42:51 AM TicketPool removeTicket
INFO: TICKET REMOVED :- Ticket [ticketID=171, ticketName=super ticket, ticketPrice=1000, ticketQuantity=1]. Available number of tickets :- 59
Jan 16, 2025 3:42:51 AM TicketPool removeTicket
INFO: TICKET REMOVED :- Ticket [ticketID=172, ticketName=super ticket, ticketPrice=1000, ticketQuantity=1]. Available number of tickets :- 58
Jan 16, 2025 3:42:51 AM TicketPool removeTicket
INFO: TICKET REMOVED :- Ticket [ticketID=173, ticketName=super ticket, ticketPrice=1000, ticketQuantity=1]. Available number of tickets :- 57
Jan 16, 2025 3:42:51 AM TicketPool removeTicket
INFO: TICKET REMOVED :- Ticket [ticketID=174, ticketName=super ticket, ticketPrice=1000, ticketQuantity=1]. Available number of tickets :- 56
Jan 16, 2025 3:42:51 AM TicketPool removeTicket
INFO: TICKET REMOVED :- Ticket [ticketID=175, ticketName=super ticket, ticketPrice=1000, ticketQuantity=1]. Available number of tickets :- 55
Jan 16, 2025 3:42:51 AM Customer run
INFO: Customer 1 buy a ticket
Jan 16, 2025 3:42:51 AM TicketPool removeTicket
INFO: TICKET REMOVED :- Ticket [ticketID=176, ticketName=super ticket, ticketPrice=1000, ticketQuantity=1]. Available number of tickets :- 54
Jan 16, 2025 3:42:51 AM TicketPool removeTicket
INFO: TICKET REMOVED :- Ticket [ticketID=177, ticketName=super ticket, ticketPrice=1000, ticketQuantity=1]. Available number of tickets :- 53
Jan 16, 2025 3:42:51 AM TicketPool removeTicket
INFO: TICKET REMOVED :- Ticket [ticketID=178, ticketName=super ticket, ticketPrice=1000, ticketQuantity=1]. Available number of tickets :- 52
Jan 16, 2025 3:42:51 AM TicketPool removeTicket
INFO: TICKET REMOVED :- Ticket [ticketID=179, ticketName=super ticket, ticketPrice=1000, ticketQuantity=1]. Available number of tickets :- 51
Jan 16, 2025 3:42:51 AM TicketPool removeTicket
INFO: TICKET REMOVED :- Ticket [ticketID=180, ticketName=super ticket, ticketPrice=1000, ticketQuantity=1]. Available number of tickets :- 50
Jan 16, 2025 3:42:51 AM Customer run
INFO: Customer 2 buy a ticket
Jan 16, 2025 3:42:52 AM TicketPool addTickets
INFO: ADDED TICKETS :-  3 TICKETS. NOW POOL SIZE :- 53
Jan 16, 2025 3:42:52 AM Vendor run
INFO: Vendor 1 added 3 tickets.
Jan 16, 2025 3:42:52 AM TicketPool addTickets
INFO: ADDED TICKETS :-  3 TICKETS. NOW POOL SIZE :- 56
Jan 16, 2025 3:42:52 AM Vendor run
INFO: Vendor 3 added 3 tickets.
Jan 16, 2025 3:42:52 AM TicketPool addTickets
INFO: ADDED TICKETS :-  3 TICKETS. NOW POOL SIZE :- 59
Jan 16, 2025 3:42:52 AM Vendor run
INFO: Vendor 2 added 3 tickets.
Jan 16, 2025 3:42:52 AM TicketPool addTickets
INFO: ADDED TICKETS :-  3 TICKETS. NOW POOL SIZE :- 62
Jan 16, 2025 3:42:52 AM Vendor run
INFO: Vendor 4 added 3 tickets.
Jan 16, 2025 3:42:52 AM TicketPool removeTicket
INFO: TICKET REMOVED :- Ticket [ticketID=181, ticketName=super ticket, ticketPrice=1000, ticketQuantity=1]. Available number of tickets :- 61
Jan 16, 2025 3:42:52 AM TicketPool removeTicket
INFO: TICKET REMOVED :- Ticket [ticketID=182, ticketName=super ticket, ticketPrice=1000, ticketQuantity=1]. Available number of tickets :- 60
Jan 16, 2025 3:42:52 AM TicketPool removeTicket
INFO: TICKET REMOVED :- Ticket [ticketID=183, ticketName=super ticket, ticketPrice=1000, ticketQuantity=1]. Available number of tickets :- 59
Jan 16, 2025 3:42:52 AM TicketPool removeTicket
INFO: TICKET REMOVED :- Ticket [ticketID=184, ticketName=super ticket, ticketPrice=1000, ticketQuantity=1]. Available number of tickets :- 58
Jan 16, 2025 3:42:52 AM TicketPool removeTicket
INFO: TICKET REMOVED :- Ticket [ticketID=185, ticketName=super ticket, ticketPrice=1000, ticketQuantity=1]. Available number of tickets :- 57
Jan 16, 2025 3:42:52 AM TicketPool addTickets
INFO: ADDED TICKETS :-  3 TICKETS. NOW POOL SIZE :- 60
Jan 16, 2025 3:42:52 AM Vendor run
INFO: Vendor 5 added 3 tickets.
Jan 16, 2025 3:42:52 AM Customer run
INFO: Customer 3 buy a ticket
Jan 16, 2025 3:42:52 AM TicketPool removeTicket
INFO: TICKET REMOVED :- Ticket [ticketID=186, ticketName=super ticket, ticketPrice=1000, ticketQuantity=1]. Available number of tickets :- 59
Jan 16, 2025 3:42:52 AM TicketPool removeTicket
INFO: TICKET REMOVED :- Ticket [ticketID=187, ticketName=super ticket, ticketPrice=1000, ticketQuantity=1]. Available number of tickets :- 58
Jan 16, 2025 3:42:52 AM TicketPool removeTicket
INFO: TICKET REMOVED :- Ticket [ticketID=188, ticketName=super ticket, ticketPrice=1000, ticketQuantity=1]. Available number of tickets :- 57
Jan 16, 2025 3:42:52 AM TicketPool removeTicket
INFO: TICKET REMOVED :- Ticket [ticketID=189, ticketName=super ticket, ticketPrice=1000, ticketQuantity=1]. Available number of tickets :- 56
Jan 16, 2025 3:42:52 AM TicketPool removeTicket
INFO: TICKET REMOVED :- Ticket [ticketID=190, ticketName=super ticket, ticketPrice=1000, ticketQuantity=1]. Available number of tickets :- 55
Jan 16, 2025 3:42:52 AM Customer run
INFO: Customer 1 buy a ticket
Jan 16, 2025 3:42:52 AM TicketPool removeTicket
INFO: TICKET REMOVED :- Ticket [ticketID=191, ticketName=super ticket, ticketPrice=1000, ticketQuantity=1]. Available number of tickets :- 54
Jan 16, 2025 3:42:52 AM TicketPool removeTicket
INFO: TICKET REMOVED :- Ticket [ticketID=192, ticketName=super ticket, ticketPrice=1000, ticketQuantity=1]. Available number of tickets :- 53
Jan 16, 2025 3:42:52 AM TicketPool removeTicket
INFO: TICKET REMOVED :- Ticket [ticketID=193, ticketName=super ticket, ticketPrice=1000, ticketQuantity=1]. Available number of tickets :- 52
Jan 16, 2025 3:42:52 AM TicketPool removeTicket
INFO: TICKET REMOVED :- Ticket [ticketID=194, ticketName=super ticket, ticketPrice=1000, ticketQuantity=1]. Available number of tickets :- 51
Jan 16, 2025 3:42:52 AM TicketPool removeTicket
INFO: TICKET REMOVED :- Ticket [ticketID=195, ticketName=super ticket, ticketPrice=1000, ticketQuantity=1]. Available number of tickets :- 50
Jan 16, 2025 3:42:52 AM Customer run
INFO: Customer 2 buy a ticket
Jan 16, 2025 3:42:53 AM TicketPool addTickets
INFO: ADDED TICKETS :-  3 TICKETS. NOW POOL SIZE :- 53
Jan 16, 2025 3:42:53 AM Vendor run
INFO: Vendor 1 added 3 tickets.
Jan 16, 2025 3:42:53 AM TicketPool addTickets
INFO: ADDED TICKETS :-  3 TICKETS. NOW POOL SIZE :- 56
Jan 16, 2025 3:42:53 AM Vendor run
INFO: Vendor 3 added 3 tickets.
Jan 16, 2025 3:42:53 AM TicketPool addTickets
INFO: ADDED TICKETS :-  3 TICKETS. NOW POOL SIZE :- 59
Jan 16, 2025 3:42:53 AM Vendor run
INFO: Vendor 4 added 3 tickets.
Jan 16, 2025 3:42:53 AM TicketPool addTickets
INFO: ADDED TICKETS :-  3 TICKETS. NOW POOL SIZE :- 62
Jan 16, 2025 3:42:53 AM Vendor run
INFO: Vendor 2 added 3 tickets.
Jan 16, 2025 3:42:53 AM TicketPool removeTicket
INFO: TICKET REMOVED :- Ticket [ticketID=196, ticketName=super ticket, ticketPrice=1000, ticketQuantity=1]. Available number of tickets :- 61
Jan 16, 2025 3:42:53 AM TicketPool removeTicket
INFO: TICKET REMOVED :- Ticket [ticketID=197, ticketName=super ticket, ticketPrice=1000, ticketQuantity=1]. Available number of tickets :- 60
Jan 16, 2025 3:42:53 AM TicketPool removeTicket
INFO: TICKET REMOVED :- Ticket [ticketID=198, ticketName=super ticket, ticketPrice=1000, ticketQuantity=1]. Available number of tickets :- 59
Jan 16, 2025 3:42:53 AM TicketPool removeTicket
INFO: TICKET REMOVED :- Ticket [ticketID=199, ticketName=super ticket, ticketPrice=1000, ticketQuantity=1]. Available number of tickets :- 58
Jan 16, 2025 3:42:53 AM TicketPool removeTicket
INFO: TICKET REMOVED :- Ticket [ticketID=200, ticketName=super ticket, ticketPrice=1000, ticketQuantity=1]. Available number of tickets :- 57
Jan 16, 2025 3:42:53 AM Customer run
INFO: Customer 1 buy a ticket
Jan 16, 2025 3:42:53 AM TicketPool addTickets
INFO: ADDED TICKETS :-  3 TICKETS. NOW POOL SIZE :- 60
Jan 16, 2025 3:42:53 AM Vendor run
INFO: Vendor 5 added 3 tickets.
Jan 16, 2025 3:42:53 AM TicketPool removeTicket
INFO: TICKET REMOVED :- Ticket [ticketID=201, ticketName=super ticket, ticketPrice=1000, ticketQuantity=1]. Available number of tickets :- 59
Jan 16, 2025 3:42:53 AM TicketPool removeTicket
INFO: TICKET REMOVED :- Ticket [ticketID=202, ticketName=super ticket, ticketPrice=1000, ticketQuantity=1]. Available number of tickets :- 58
Jan 16, 2025 3:42:53 AM TicketPool removeTicket
INFO: TICKET REMOVED :- Ticket [ticketID=203, ticketName=super ticket, ticketPrice=1000, ticketQuantity=1]. Available number of tickets :- 57
Jan 16, 2025 3:42:53 AM TicketPool removeTicket
INFO: TICKET REMOVED :- Ticket [ticketID=204, ticketName=super ticket, ticketPrice=1000, ticketQuantity=1]. Available number of tickets :- 56
Jan 16, 2025 3:42:53 AM TicketPool removeTicket
INFO: TICKET REMOVED :- Ticket [ticketID=205, ticketName=super ticket, ticketPrice=1000, ticketQuantity=1]. Available number of tickets :- 55
Jan 16, 2025 3:42:53 AM Customer run
INFO: Customer 3 buy a ticket
Jan 16, 2025 3:42:53 AM TicketPool removeTicket
INFO: TICKET REMOVED :- Ticket [ticketID=206, ticketName=super ticket, ticketPrice=1000, ticketQuantity=1]. Available number of tickets :- 54
Jan 16, 2025 3:42:53 AM TicketPool removeTicket
INFO: TICKET REMOVED :- Ticket [ticketID=207, ticketName=super ticket, ticketPrice=1000, ticketQuantity=1]. Available number of tickets :- 53
Jan 16, 2025 3:42:53 AM TicketPool removeTicket
INFO: TICKET REMOVED :- Ticket [ticketID=208, ticketName=super ticket, ticketPrice=1000, ticketQuantity=1]. Available number of tickets :- 52
Jan 16, 2025 3:42:53 AM TicketPool removeTicket
INFO: TICKET REMOVED :- Ticket [ticketID=209, ticketName=super ticket, ticketPrice=1000, ticketQuantity=1]. Available number of tickets :- 51
Jan 16, 2025 3:42:53 AM TicketPool removeTicket
INFO: TICKET REMOVED :- Ticket [ticketID=210, ticketName=super ticket, ticketPrice=1000, ticketQuantity=1]. Available number of tickets :- 50
Jan 16, 2025 3:42:53 AM Customer run
INFO: Customer 2 buy a ticket
Jan 16, 2025 3:42:53 AM TicketSystem lambda$runSystem$0
INFO: SHUTTING DOWN THE SYSTEM...
